id;login;password_hash;first_name;last_name;email;activated;lang_key;created_by
1;system;$2a$10$mE.qmcV0mFU5NcKh73TZx.z4ueI/.bDWbj0T1BYyqP481kGGarKLG;System;System;system@localhost;true;en;system
2;anonymousUser;$2a$10$j8S5d7Sr7.8VTOYNviDPOeWX8KcYILUVJBsYV83Y5NtECayypx9lO;Anonymous;User;anonymous@localhost;true;en;system
3;admin;$2a$10$gSAhZrxMllrbgj/kkK9UceBPpChGWJA7SYIb1Mqo.n5aNLq1/oRrC;Administrator;Administrator;admin@localhost;true;en;system
4;user;$2a$10$VEjxo0jq2YG9Rbk2HmX9S.k1uZBGYUHdUcid3g/vfiEl7lwWgOH/K;User;User;user@localhost;true;en;system
6;adamadderiy85;tnLhXleLP40yajRpFTMr;Adam;Adderiy;adamadderiy85@mail;false;en;system
7;anthonycarey24;0qcFDrqtTyCDNEZsmkSL;Anthony;Carey;anthonycarey24@gmail;true;en;system
8;ashtoncharlson60;iLxbBRxcMrngcI1SniMK;Ashton;Charlson;ashtoncharlson60@mail;false;en;
9;carlosdonaldson49;Dbt5LINPL4FQgMElBPfs;Carlos;Donaldson;carlosdonaldson49@rambler;true;en;system
10;cameronbaldwin73;C4MMRxUTw1VzuOMqfTg7;Cameron;Baldwin;cameronbaldwin73@mail;false;en;system
11;briandavidson9;WgHBJmtKhPcWonOssc7w;Brian;Davidson;briandavidson9@yandex;false;en;system
12;adamadamson38;ItxjIaVEhaagR86rCL7m;Adam;Adamson;adamadamson38@mail;false;en;system
13;carlbecker56;1JDhaEbLaOBHNAlyjgwI;Carl;Becker;carlbecker56@rambler;true;en;system
14;ashtoncalhoun79;CYKZjaP4eMPyXT31RKN8;Ashton;Calhoun;ashtoncalhoun79@rambler;false;en;system
15;alfredbenson69;82lrUF9IGb0KDHqNHZmq;Alfred;Benson;alfredbenson69@mail;false;en;system
16;antoniobarrington30;CGsJ9De4tYaaz1F6NnOw;Antonio;Barrington;antoniobarrington30@gmail;true;en;system
17;blakeanderson6;Bzl1OFjU9QFSVpZ7PCkr;Blake;Anderson;blakeanderson6@gmail;false;en;system
18;brandonadamson7;MREIctANLtrw8E6BJGF3;Brandon;Adamson;brandonadamson7@mail;true;en;system
19;davidbecker80;3U488xN5kaBlK4wzfCPI;David;Becker;davidbecker80@gmail;true;en;system
20;danielabramson34;Vr5ey3a1ewwDni9tYpBE;Daniel;Abramson;danielabramson34@yandex;true;en;system
21;alandodson45;wRILhThvh2oF0Eec2yoA;Alan;Dodson;alandodson45@rambler;false;en;system
22;christopherbenson71;2YJGxay2sM0H1dTwzGsV;Christopher;Benson;christopherbenson71@gmail;false;en;system
23;andrewabramson46;cYV0unGdDfkRuyEM99AH;Andrew;Abramson;andrewabramson46@gmail;false;en;system
24;alfreddodson10;mpgwEpgSHYzRL73ylrCO;Alfred;Dodson;alfreddodson10@yandex;false;en;system
25;camerondaniels65;b5WarQ57MIGeejbIAPgp;Cameron;Daniels;camerondaniels65@gmail;false;en;system
26;carlosderrick84;lRJ0WtYmEpYTGAXiaDvA;Carlos;Derrick;carlosderrick84@yandex;false;en;system
27;danielcarey75;XpvOdOm2QRyV8Afghr4F;Daniel;Carey;danielcarey75@rambler;false;en;system
28;alfreddavidson90;hg4s1tf33okH9VC9mv4X;Alfred;Davidson;alfreddavidson90@yandex;false;en;system
29;colecalhoun40;IA24MrIdGJScsvSwGcgt;Cole;Calhoun;colecalhoun40@rambler;true;en;system
30;alfredcalhoun86;5LgiZDBjnchCG9e904Ok;Alfred;Calhoun;alfredcalhoun86@gmail;false;en;system
31;adriancampbell69;1qEbnubeGn6QG5bgFJw7;Adrian;Campbell;adriancampbell69@rambler;false;en;system
32;adamcharlson2;q08ZUC4k2JxLBLtVkcLC;Adam;Charlson;adamcharlson2@rambler;true;en;system
33;carlosbarrington24;7tIrMfq0ZGC5NUUWXMCJ;Carlos;Barrington;carlosbarrington24@gmail;true;en;system
34;brianadamson55;sNEIgdlVoXLcR0fto3Qd;Brian;Adamson;brianadamson55@gmail;false;en;system
35;benjaminbenson31;XC2ibAQh0NposMHOB5cC;Benjamin;Benson;benjaminbenson31@gmail;true;en;system
36;brianaddington88;LVZYumVD2VyJcfGUjhL2;Brian;Addington;brianaddington88@yandex;true;en;system
37;bryanbenson71;6TopjOVj2uEBt0EFmvRW;Bryan;Benson;bryanbenson71@rambler;true;en;system
38;bernardcampbell69;ELxTrMr4uv7Ys5iFhfrG;Bernard;Campbell;bernardcampbell69@yandex;false;en;system
39;aidanbenson3;qCSJI6A2CNeDp5el5utz;Aidan;Benson;aidanbenson3@mail;true;en;system
40;brandonbaldwin80;o7YH9dMIvQyx2vDJsdSB;Brandon;Baldwin;brandonbaldwin80@rambler;true;en;system
41;alejandroadamson92;F5Q7Bu5p2ZmXKWH7wCBX;Alejandro;Adamson;alejandroadamson92@rambler;true;en;system
42;charlesaddington73;TrayuE3ux1zzrOKXQM8Q;Charles;Addington;charlesaddington73@mail;false;en;system
43;daviddaniels23;t4tkCt9gXo8bfNYyVGXN;David;Daniels;daviddaniels23@yandex;true;en;system
44;aidandavidson61;GITf07pSeyOKPnGOXSmh;Aidan;Davidson;aidandavidson61@mail;false;en;system
45;alancampbell41;cYUNY7eArkUSERyYWA2Q;Alan;Campbell;alancampbell41@yandex;true;en;system
46;charlesdonaldson52;5eeQSzPjxV7lgiRWJhwJ;Charles;Donaldson;charlesdonaldson52@gmail;true;en;system
47;aaronderrick53;TQyBahfKo9rz1SSRw6gS;Aaron;Derrick;aaronderrick53@gmail;true;en;system
48;danieldickinson21;JokXfUeJ4aZb1hNIH7bF;Daniel;Dickinson;danieldickinson21@gmail;false;en;system
49;adrianbacker36;fP99eQ5IQNLOO9zBvOlk;Adrian;Backer;adrianbacker36@mail;false;en;system
50;alejandrocarey49;j8voazKMnKqJ8PfxNbgg;Alejandro;Carey;alejandrocarey49@mail;false;en;system
51;antoniocharlson6;7ZSC9uuVGcSRdyNqx2TB;Antonio;Charlson;antoniocharlson6@gmail;true;en;system
52;brucecalhoun42;xOJHO7WAOuLKMEkuFNPy;Bruce;Calhoun;brucecalhoun42@rambler;false;en;system
53;cameroncarey80;J96sAYMLlIe5hn58nnr0;Cameron;Carey;cameroncarey80@mail;true;en;system
54;ashtoncampbell81;vpa1SXiQrVOCtbc0UpKS;Ashton;Campbell;ashtoncampbell81@gmail;true;en;system
55;adambenson38;i37VvbQeiIzk9I1KNSlQ;Adam;Benson;adambenson38@mail;false;en;system
56;anthonyanderson73;Mlew0D00xWJw819vaVtQ;Anthony;Anderson;anthonyanderson73@mail;false;en;system
57;bernardadamson14;vrvnGWj9U1HDHcUUeXrO;Bernard;Adamson;bernardadamson14@yandex;false;en;system
58;blakederrick11;0wkhyCv6ZKjDfX3LtvBr;Blake;Derrick;blakederrick11@gmail;true;en;system
59;bryanadderiy78;rZJWhgVogJ0A5h0vI6DK;Bryan;Adderiy;bryanadderiy78@rambler;false;en;system
60;blakebenson0;rOVZqv2T1CmazotUAWvo;Blake;Benson;blakebenson0@gmail;false;en;system
61;benjamindonaldson81;8pQCDNB0RUR78jKaCgSc;Benjamin;Donaldson;benjamindonaldson81@rambler;true;en;system
62;andrewbecker40;k32Ka88yPHHxbUfQuVQ3;Andrew;Becker;andrewbecker40@rambler;false;en;system
63;blakedaniels62;gMOe5ezfaNBwd8tML53D;Blake;Daniels;blakedaniels62@rambler;false;en;system
64;bryandonaldson8;hY2pCxJQFXV8oODt70zh;Bryan;Donaldson;bryandonaldson8@rambler;false;en;system
65;brandonderrick92;zGgcO9SpAaNw1Z67kR6q;Brandon;Derrick;brandonderrick92@yandex;true;en;system
66;alfredanderson79;p0xwpcAjFxUIWcigYZhS;Alfred;Anderson;alfredanderson79@mail;false;en;system
67;adriancarey14;KPCcLPgomT2IAftIV08Q;Adrian;Carey;adriancarey14@mail;true;en;system
68;colecalhoun41;QfgBErBuxaCxivYqERZu;Cole;Calhoun;colecalhoun41@mail;true;en;system
69;colebaldwin86;w9z0YIVy9AvnzFHNAsza;Cole;Baldwin;colebaldwin86@mail;true;en;system
70;christopherbacker26;v0T5alCpehUJ6Yrlv0AN;Christopher;Backer;christopherbacker26@yandex;true;en;system
71;ashtonbacker91;ZiINZna3lCJcQJT0kiSY;Ashton;Backer;ashtonbacker91@rambler;false;en;system
72;antoniocalhoun60;fjhepDtYJeXN8Gil58NP;Antonio;Calhoun;antoniocalhoun60@yandex;false;en;system
73;charlesbacker28;rSmjd0yPdC3DS2L03GgM;Charles;Backer;charlesbacker28@rambler;true;en;system
74;adamdaniels0;g76n9nT5aa4HLA1Yyk2Y;Adam;Daniels;adamdaniels0@mail;false;en;system
75;charlesanderson24;N1uFTKKfvUbD63uQqO0J;Charles;Anderson;charlesanderson24@gmail;true;en;system
76;abrahamcampbell28;MjBGmWwd2GTN0adoTtT5;Abraham;Campbell;abrahamcampbell28@gmail;false;en;system
77;blakedavidson67;zjbuc8wfAicxl1ZQXKRY;Blake;Davidson;blakedavidson67@yandex;false;en;system
78;adrianderrick15;LVCG0lLvERBuvL5mZNIT;Adrian;Derrick;adrianderrick15@mail;true;en;system
79;cameroncharlson4;BBqNjHv9i3E9K8shWgqb;Cameron;Charlson;cameroncharlson4@mail;true;en;system
80;alfredchesterton5;H1gFFKkpp5ODaPexjKqv;Alfred;Chesterton;alfredchesterton5@mail;false;en;system
81;alejandroaddington12;81u2mCZrJNqqO568AmDJ;Alejandro;Addington;alejandroaddington12@gmail;false;en;system
82;alfredbacker42;ae4EsbsZQBkWUXjJumhj;Alfred;Backer;alfredbacker42@rambler;true;en;system
83;danielbarrington43;moTK5glq3vG9tN8qtIem;Daniel;Barrington;danielbarrington43@gmail;false;en;system
84;alfredanderson38;fCtgQDghTUSx4fLUeY09;Alfred;Anderson;alfredanderson38@yandex;false;en;system
85;dennisderrick6;oThc3WhiVonL7TrX4i7A;Dennis;Derrick;dennisderrick6@gmail;true;en;system
86;charlesdodson81;63xbsulO784QKJtdemd5;Charles;Dodson;charlesdodson81@yandex;false;en;system
87;bernarddaniels69;HAsB3P1c3p3PVfTIqSya;Bernard;Daniels;bernarddaniels69@gmail;false;en;system
88;coleanderson75;mK8CN1otYD3et8f25d0m;Cole;Anderson;coleanderson75@rambler;true;en;system
89;dennisbenson95;lpKSIGIWIjnOcaEpbT5x;Dennis;Benson;dennisbenson95@mail;false;en;system
90;albertbaldwin58;AbHOOjKaK1WsdvcKFlfC;Albert;Baldwin;albertbaldwin58@gmail;true;en;system
91;alexcampbell93;q4TJpCrridnn6idnXt80;Alex;Campbell;alexcampbell93@rambler;false;en;system
92;christopheradderiy3;dQxQOl6bLj8R1c3UrxA2;Christopher;Adderiy;christopheradderiy3@gmail;true;en;system
93;albertdodson26;bSXja4iQDst7CJNWi1oG;Albert;Dodson;albertdodson26@rambler;true;en;system
94;benjamindaniels88;5gfK1rkmN499nJheFr2t;Benjamin;Daniels;benjamindaniels88@yandex;true;en;system
95;antoniocalhoun44;MNRGsA3jBXkNTidXw9ua;Antonio;Calhoun;antoniocalhoun44@mail;true;en;system
96;andrewcharlson12;AFh5cficLSmVbVcQYTDl;Andrew;Charlson;andrewcharlson12@gmail;false;en;system
97;brandondaniels73;jf9a0CcTOLWHwM8Spou9;Brandon;Daniels;brandondaniels73@mail;false;en;system
98;ashtondickinson79;CRf0UQf2rfS3GvfY0xRn;Ashton;Dickinson;ashtondickinson79@yandex;true;en;system
99;alancalhoun86;nZ0uGDxyG4MA1vaoLYnW;Alan;Calhoun;alancalhoun86@gmail;true;en;system
100;blakedonaldson1;C0W0vAEeW23a0cFuKN3X;Blake;Donaldson;blakedonaldson1@gmail;false;en;system
101;danielbacker31;f2qlCSkALaFZCC3IkqIl;Daniel;Backer;danielbacker31@mail;true;en;system
102;blakedonaldson50;Zztvt14Z2rMLpxdQRxFm;Blake;Donaldson;blakedonaldson50@gmail;true;en;system
103;coledodson38;euXFVLsTCvEPnw2dISyc;Cole;Dodson;coledodson38@gmail;false;en;system
104;carlbenson85;lHMEwzBkHrOzrS0zeoGu;Carl;Benson;carlbenson85@yandex;false;en;system
105;aaronbaldwin18;eouyRtz53XeBkFqU2b0Q;Aaron;Baldwin;aaronbaldwin18@gmail;true;en;system
106;alandodson53;JSBmfIaCnWSZH65iYtCY;Alan;Dodson;alandodson53@mail;false;en;system
107;brianadamson99;MW40GKJhIhrGFfmbaJau;Brian;Adamson;brianadamson99@gmail;true;en;system
108;charlesabramson57;Favcnl3p2bx1HU2a7BeH;Charles;Abramson;charlesabramson57@yandex;true;en;system
109;charlesderrick23;vnV5tSA4mojOZVAIEAhh;Charles;Derrick;charlesderrick23@mail;true;en;system
110;dennisdaniels27;U0Rgaa36wGiqBEHp5vQz;Dennis;Daniels;dennisdaniels27@rambler;true;en;system
111;aidanbenson26;i2I8RN4MhK7T4LXDyAka;Aidan;Benson;aidanbenson26@yandex;true;en;system
112;antonioanderson75;DxprUKaOgts5j7BmVvL3;Antonio;Anderson;antonioanderson75@yandex;false;en;system
113;albertcarey86;Awf8aWIGFWe48ali8obl;Albert;Carey;albertcarey86@mail;false;en;system
114;blakeanderson99;omEF7Qxxu2Bk7CFtHKEH;Blake;Anderson;blakeanderson99@mail;false;en;system
115;abrahambecker63;PVxUaNlbjGp7IzUreomG;Abraham;Becker;abrahambecker63@rambler;false;en;system
116;aaronadamson86;qgaqFqPlkNb3soIUlLpW;Aaron;Adamson;aaronadamson86@gmail;true;en;system
117;ashtondonaldson50;huqg2mz8NwxmCdbsBrgk;Ashton;Donaldson;ashtondonaldson50@rambler;false;en;system
118;carlbecker95;ZJJS35TO26qzks4bf8jV;Carl;Becker;carlbecker95@rambler;false;en;system
119;alexcharlson88;vWmbPX2K7r6PbQyrYTOs;Alex;Charlson;alexcharlson88@mail;false;en;system
120;benjamindonaldson95;RJ5qLAU1qKmCaXQR9Q3L;Benjamin;Donaldson;benjamindonaldson95@mail;false;en;system
121;carladdington6;lQe8o4eqWhb0bQ273zA7;Carl;Addington;carladdington6@mail;true;en;system
122;dennisbaldwin70;TSJDTIupRZF6ZEULI4Jv;Dennis;Baldwin;dennisbaldwin70@mail;false;en;system
123;alfreddaniels49;UwmCB9TTxZCDVWjtV9P1;Alfred;Daniels;alfreddaniels49@gmail;false;en;system
124;alancalhoun3;YXpKl9RwfNtPOfbTUFot;Alan;Calhoun;alancalhoun3@gmail;true;en;system
125;adrianbarrington67;drWmRboolz3RUwmosBGS;Adrian;Barrington;adrianbarrington67@mail;false;en;system
126;aidancampbell36;1dEdkGP2o1lJyIldPsFO;Aidan;Campbell;aidancampbell36@gmail;true;en;system
127;adrianabramson66;eLQMCDA18DftU9wrRey5;Adrian;Abramson;adrianabramson66@rambler;true;en;system
128;charlescarey76;tgvb9Vjo42tYkgAgJFPa;Charles;Carey;charlescarey76@gmail;true;en;system
129;alejandrobacker70;tdzhPeOhrfUZl4yhpQsu;Alejandro;Backer;alejandrobacker70@rambler;false;en;system
130;abrahambarrington81;V4QbBYkdjFAGxNaZFswN;Abraham;Barrington;abrahambarrington81@yandex;true;en;system
131;briandickinson75;VefMrCbHLnwwKY4tnBU6;Brian;Dickinson;briandickinson75@mail;true;en;system
132;dennisbarrington22;42HqvQNsBoz6JQn3WZmu;Dennis;Barrington;dennisbarrington22@mail;true;en;system
133;davidcarey40;HR3wIL4yngbPSjHFTWLu;David;Carey;davidcarey40@mail;true;en;system
134;bernardbecker11;wu4NT6RUUo67Pmw5Wo7T;Bernard;Becker;bernardbecker11@mail;true;en;system
135;blakebecker71;skHdFqHBJQ8IP97cYyR8;Blake;Becker;blakebecker71@gmail;true;en;system
136;carlosbenson73;6TOAZI4gj1HVLIsJkqsq;Carlos;Benson;carlosbenson73@mail;true;en;system
137;bruceadamson72;D1ubXfMAHiWOMNi836mg;Bruce;Adamson;bruceadamson72@yandex;false;en;system
138;alejandrobarrington92;mRKB4uU8PZw9CeJUM6p7;Alejandro;Barrington;alejandrobarrington92@mail;true;en;system
139;anthonyderrick92;eJW5mjmIoA73dNunArut;Anthony;Derrick;anthonyderrick92@mail;false;en;system
140;camerondonaldson96;8L5jmqH3Mw4PAvqMpUFk;Cameron;Donaldson;camerondonaldson96@mail;true;en;system
141;christophercarey41;8C8a19DOBPJoq6fFeIfe;Christopher;Carey;christophercarey41@mail;true;en;system
142;blakebacker11;RuqNI6SZ6vq8MYkP0Z0y;Blake;Backer;blakebacker11@mail;true;en;system
143;adrianbarrington14;oS9RtNg5HmQzom2Tjik2;Adrian;Barrington;adrianbarrington14@gmail;false;en;system
144;adamcampbell50;G522RrYdY77KZ66ZYrPC;Adam;Campbell;adamcampbell50@yandex;false;en;system
145;albertcarey19;GAK79IqUEjzdmU0l9fJ1;Albert;Carey;albertcarey19@yandex;false;en;system
146;andrewchesterton72;NEImNgdFHKYuSlfm64AW;Andrew;Chesterton;andrewchesterton72@yandex;false;en;system
147;danieldaniels99;nr6SmginSlAt0mTpi8gr;Daniel;Daniels;danieldaniels99@gmail;true;en;system
148;bryancharlson22;WObAaMHCDHox83aZFOmq;Bryan;Charlson;bryancharlson22@mail;true;en;system
149;andrewdickinson29;DLe9EZJgVHZXhiEJP41j;Andrew;Dickinson;andrewdickinson29@mail;false;en;system
150;carlbaldwin67;xCzqvuzdAePsKaAJZHXj;Carl;Baldwin;carlbaldwin67@mail;false;en;system
151;christopheranderson11;L7OFzCaKL8tDIb6B0GVX;Christopher;Anderson;christopheranderson11@mail;true;en;system
152;anthonydavidson54;rnsJoYUp8pScBJTG8d56;Anthony;Davidson;anthonydavidson54@mail;true;en;system
153;blakedodson89;AiGOaEtNFvdBpfxaVBrc;Blake;Dodson;blakedodson89@yandex;false;en;system
154;dennisdaniels58;epVZl0BR13NOzCF3ANWh;Dennis;Daniels;dennisdaniels58@yandex;true;en;system
155;aidanadamson21;nvBIEVio4FW6OA3p4xgI;Aidan;Adamson;aidanadamson21@mail;true;en;system
156;brandoncarey71;0B276F00hnQCyeKGG4aY;Brandon;Carey;brandoncarey71@yandex;true;en;system
157;aidanaddington43;i3PGzJPSkxp0pMGuuGHD;Aidan;Addington;aidanaddington43@gmail;false;en;system
158;andrewabramson7;0WRApiRleFjoBhaFlQX9;Andrew;Abramson;andrewabramson7@rambler;false;en;system
159;adambenson90;rAZGX4UnJyl4tqpg0WXM;Adam;Benson;adambenson90@mail;true;en;system
160;albertdavidson47;LKrkwP1oj3Qe0ADE2sTp;Albert;Davidson;albertdavidson47@yandex;true;en;system
161;bernarddodson62;ZpJquwgH7g0sssKetZOr;Bernard;Dodson;bernarddodson62@gmail;true;en;system
162;benjaminanderson33;hIVm9bxFS5a2D3p6kyH1;Benjamin;Anderson;benjaminanderson33@gmail;true;en;system
163;dennisaddington14;QiM5zOgHsuNjXeUpEkBA;Dennis;Addington;dennisaddington14@rambler;true;en;system
164;blakedodson5;9NktggEIm1Sx5h6gBr7T;Blake;Dodson;blakedodson5@gmail;false;en;system
165;charlesbecker93;IVZYrT41dRJ7fZwy7AZe;Charles;Becker;charlesbecker93@mail;false;en;system
166;adamdodson23;rfF8U4Jbq0oLKX5t4iI9;Adam;Dodson;adamdodson23@yandex;true;en;system
167;bryandaniels77;DyolkWGSq7pSX4OkdXA6;Bryan;Daniels;bryandaniels77@gmail;true;en;system
168;abrahamcharlson18;dZYfO6Ad53OpH1u6RTge;Abraham;Charlson;abrahamcharlson18@mail;true;en;system
169;camerondonaldson56;5Y1mRMhLZDGBd1lXztU1;Cameron;Donaldson;camerondonaldson56@yandex;false;en;system
170;brandonbarrington98;heYHl1MC54sVwwk0gLus;Brandon;Barrington;brandonbarrington98@rambler;true;en;system
171;bernardcampbell76;PgRYiB23lZqX7FZxVico;Bernard;Campbell;bernardcampbell76@gmail;true;en;system
172;carlosbecker71;VojgFNwwhAiNODVhtpOF;Carlos;Becker;carlosbecker71@yandex;false;en;system
173;aaronabramson37;2pacKQ634v7xDUYo9lxf;Aaron;Abramson;aaronabramson37@yandex;true;en;system
174;andrewbarrington65;P3eHvV6D3JWsE4Mzpj69;Andrew;Barrington;andrewbarrington65@gmail;true;en;system
175;adamdonaldson74;ZXWqEt2jyOVKawKvTyGN;Adam;Donaldson;adamdonaldson74@mail;true;en;system
176;alfredbaldwin94;Lids9vlhILSa13EhyEnf;Alfred;Baldwin;alfredbaldwin94@mail;true;en;system
177;adrianbacker61;Mwkdo5gnt8pJvXIREFpP;Adrian;Backer;adrianbacker61@yandex;false;en;system
178;anthonybecker88;6uCGB7Q6tqdFZXtSh6as;Anthony;Becker;anthonybecker88@mail;true;en;system
179;alfredderrick46;TsNr0PoEMoLDCw9gl2sE;Alfred;Derrick;alfredderrick46@rambler;true;en;system
180;aaronadamson25;DR1kvOSe79m5HI1IuiHw;Aaron;Adamson;aaronadamson25@gmail;true;en;system
181;aidanbecker82;5JzDmei3xumzlSr3bP6R;Aidan;Becker;aidanbecker82@yandex;false;en;system
182;alanbaldwin85;Hm0ExsiOR3bRdaPsMsVT;Alan;Baldwin;alanbaldwin85@mail;true;en;system
183;alfreddodson2;N7u3SivTrdR9gonHJn2R;Alfred;Dodson;alfreddodson2@gmail;true;en;system
184;albertadderiy78;G1pbnrgtoTHvt2UuUQ4W;Albert;Adderiy;albertadderiy78@mail;false;en;system
185;bernarddickinson54;zTmJVwczJvcvH7YRp1FR;Bernard;Dickinson;bernarddickinson54@yandex;false;en;system
186;brandonbacker63;13hioImrsnqedLpylyFS;Brandon;Backer;brandonbacker63@mail;true;en;system
187;cameronbacker34;VRldE8LrdIj6yan0NEm5;Cameron;Backer;cameronbacker34@yandex;true;en;system
188;albertbarrington29;10Jw4f0g0Tvl2Xw7nGTY;Albert;Barrington;albertbarrington29@yandex;false;en;system
189;antoniodavidson27;Ys1C3rNeIrntynZlxur0;Antonio;Davidson;antoniodavidson27@rambler;true;en;system
190;anthonycarey32;EYf6Z7voN0Zy82YvxO60;Anthony;Carey;anthonycarey32@rambler;false;en;system
191;brianadderiy35;v9RinseuBsEhkKWIlrBX;Brian;Adderiy;brianadderiy35@gmail;true;en;system
192;antoniodavidson17;NWPp6TcgKtQKudrUgGJN;Antonio;Davidson;antoniodavidson17@gmail;true;en;system
193;alexchesterton56;dY9MdIS4LJjyJzFSy1vi;Alex;Chesterton;alexchesterton56@yandex;true;en;system
194;alexadderiy10;OGeROtTJmu4dt2DOxgg6;Alex;Adderiy;alexadderiy10@rambler;false;en;system
195;abrahambenson86;LvW6WRvwwl8vx9qIaoDY;Abraham;Benson;abrahambenson86@yandex;false;en;system
196;bryanderrick5;RdNBxZomalIcLq2Hr3EC;Bryan;Derrick;bryanderrick5@gmail;false;en;system
197;brandondickinson64;ATpWW2mSP0cSx5EOMwmp;Brandon;Dickinson;brandondickinson64@gmail;false;en;system
198;ashtonbecker24;8pZ5lH4r46GPBQQOqp1P;Ashton;Becker;ashtonbecker24@gmail;true;en;system
199;aaronbecker58;gFTyaiFvM1hhMNQyLgJQ;Aaron;Becker;aaronbecker58@mail;false;en;system
200;bernardaddington36;YQSXh3lAl26kyaSoT1qK;Bernard;Addington;bernardaddington36@gmail;true;en;system
201;charlesadamson68;NAKQAfZRQxcIOlm5kchQ;Charles;Adamson;charlesadamson68@yandex;false;en;system
202;christopherdodson19;EHkpXz80tG82g2hToAd9;Christopher;Dodson;christopherdodson19@yandex;false;en;system
203;charlesanderson82;6WojpbMIBjmYrW8FaxlG;Charles;Anderson;charlesanderson82@gmail;true;en;system
204;brianaddington40;vau6w2tRnu9wN6LPf4LU;Brian;Addington;brianaddington40@mail;true;en;system
205;carlbacker38;3y8lyW8ogX9IHRhJhe8Y;Carl;Backer;carlbacker38@gmail;true;en;system
206;blakecarey47;g5sRzyl2H4sseaO6LxvJ;Blake;Carey;blakecarey47@gmail;false;en;system
207;brandonbarrington65;kpYOySLLOKwrzejQzZDx;Brandon;Barrington;brandonbarrington65@yandex;false;en;system
208;dennisbacker16;sby1fhRu0d0gXSF3PFI5;Dennis;Backer;dennisbacker16@rambler;true;en;system
209;alejandroaddington14;djhyjgcYH3AkE9yBvVaY;Alejandro;Addington;alejandroaddington14@yandex;true;en;system
210;abrahamdaniels79;RjszNIuZqsKfzfbUtUvB;Abraham;Daniels;abrahamdaniels79@gmail;true;en;system
211;bruceaddington56;SWVWLcT5yrmQJ7PTh9qT;Bruce;Addington;bruceaddington56@gmail;false;en;system
212;andrewdickinson4;8Rhfn6GjLmBpYtzsMKcm;Andrew;Dickinson;andrewdickinson4@yandex;true;en;system
213;carlosbecker43;87GqQ0nFyi25tEOJ1VtE;Carlos;Becker;carlosbecker43@mail;true;en;system
214;alanbaldwin97;iK8Crf7XB81FyJmK45ta;Alan;Baldwin;alanbaldwin97@gmail;true;en;system
215;alejandrodaniels69;KVZThJ5eZJTbfUTstwMr;Alejandro;Daniels;alejandrodaniels69@rambler;false;en;system
216;alanbacker77;lG01aTaHJ7tOJvYjAU7w;Alan;Backer;alanbacker77@gmail;false;en;system
217;aaronadamson27;8Ur8nhubJoqqlmoqIZsa;Aaron;Adamson;aaronadamson27@mail;true;en;system
218;albertdaniels77;2eW8aRHIiJLHwTdnOd2p;Albert;Daniels;albertdaniels77@yandex;true;en;system
219;adamderrick35;ox9MBLF8t8y01Uf9B0IM;Adam;Derrick;adamderrick35@gmail;false;en;system
220;cameroncampbell99;t8JdDJHqHGmWHfjOotKl;Cameron;Campbell;cameroncampbell99@yandex;false;en;system
221;alejandrobenson46;cw1JtFRkZXdbTC2xcbtS;Alejandro;Benson;alejandrobenson46@gmail;true;en;system
222;alexdavidson93;FzZ1sLdi78fhoK8iwN6e;Alex;Davidson;alexdavidson93@gmail;true;en;system
223;alexanderson20;eVc6o6D2qwcRKOpzqilZ;Alex;Anderson;alexanderson20@yandex;true;en;system
224;benjamincampbell71;ovluWslRTBtorMyflMVv;Benjamin;Campbell;benjamincampbell71@rambler;false;en;system
225;andrewaddington61;VmZY8Czv7S0CMf9lP3HD;Andrew;Addington;andrewaddington61@rambler;false;en;system
226;brianbarrington41;vqlvbZBeh9lkzUM8ygLC;Brian;Barrington;brianbarrington41@gmail;false;en;system
227;briandodson44;O58OkZl9k57Iyl3plE7Y;Brian;Dodson;briandodson44@yandex;false;en;system
228;blakeabramson36;v7oeP4mIIXG9hurpJHEq;Blake;Abramson;blakeabramson36@mail;false;en;system
229;carlcalhoun79;7bTYzzeNftboIVvDcZGs;Carl;Calhoun;carlcalhoun79@yandex;true;en;system
230;brucecharlson76;JTHyJBxWLxUhzfke8cy9;Bruce;Charlson;brucecharlson76@yandex;true;en;system
231;brucedickinson4;4x3Me0dGZqveG3HllArL;Bruce;Dickinson;brucedickinson4@rambler;false;en;system
232;denniscampbell73;zVmtbXGPDJO8eNVd1OEV;Dennis;Campbell;denniscampbell73@rambler;false;en;system
233;aaronbenson38;rZ7EF49OHOFHSKTHEV0S;Aaron;Benson;aaronbenson38@yandex;true;en;system
234;davidderrick54;vcuhCtDnlppntEue1bjs;David;Derrick;davidderrick54@gmail;false;en;system
235;ashtoncampbell75;UEy614RkwWUimqR2tgzR;Ashton;Campbell;ashtoncampbell75@rambler;true;en;system
236;bernardcharlson24;00wJbBhJwvvGrHEDScAD;Bernard;Charlson;bernardcharlson24@rambler;true;en;system
237;antonioaddington81;OLul8kK1pyVmJ9L3zzMy;Antonio;Addington;antonioaddington81@mail;true;en;system
238;coledickinson67;hlMbRWXn5D2IgcTnFwxH;Cole;Dickinson;coledickinson67@rambler;true;en;system
239;aidandickinson54;Y2CAmhFmx1dAU7R4CR31;Aidan;Dickinson;aidandickinson54@rambler;true;en;system
240;brandonbarrington26;PUuHrxytnxVDk1sM4qcQ;Brandon;Barrington;brandonbarrington26@mail;false;en;system
241;adrianbarrington69;cwbuXBAiJYF0KQBGm7Sr;Adrian;Barrington;adrianbarrington69@yandex;true;en;system
242;carldaniels2;Qujw3MnIUWy23gchg1WL;Carl;Daniels;carldaniels2@yandex;false;en;system
243;aidancalhoun86;B5CH8duIyYLtAc1YwYpn;Aidan;Calhoun;aidancalhoun86@mail;false;en;system
244;ashtonbecker39;PeYCJnXyYCIFoshPpeT7;Ashton;Becker;ashtonbecker39@gmail;false;en;system
245;brucecharlson33;v51ITqXpdf85OKRvMjGJ;Bruce;Charlson;brucecharlson33@gmail;true;en;system
246;benjaminbecker39;9SuiLZ8OBDTclddlPGmw;Benjamin;Becker;benjaminbecker39@mail;false;en;system
247;alejandrocarey96;Xwbe4Mx8ApgQBabOUQjY;Alejandro;Carey;alejandrocarey96@yandex;false;en;system
248;alfredcalhoun11;Z7mcFhmKJQOEXyuc9Z01;Alfred;Calhoun;alfredcalhoun11@rambler;true;en;system
249;dennisbacker55;hY88qp1Fvq5W7B9QMT4i;Dennis;Backer;dennisbacker55@gmail;true;en;system
250;antoniocalhoun15;VaJlG9lvb35DV3eiy3fl;Antonio;Calhoun;antoniocalhoun15@rambler;false;en;system
251;anthonydavidson8;zW4X5h9ctxWfIAv13HhH;Anthony;Davidson;anthonydavidson8@yandex;true;en;system
252;bernardadamson18;Wix0ocS7U0M9hIJgLbLi;Bernard;Adamson;bernardadamson18@rambler;true;en;system
253;aaronabramson9;CdNLs00bktMHesXoPWNy;Aaron;Abramson;aaronabramson9@mail;false;en;system
254;aaroncarey93;zGU1628E24mtRfybx8m7;Aaron;Carey;aaroncarey93@yandex;true;en;system
255;carlosdavidson43;B4Cx8BzLcqnwbzbuip9G;Carlos;Davidson;carlosdavidson43@mail;true;en;system
256;danielbaldwin52;S4uqugxCD5lOTcE430Is;Daniel;Baldwin;danielbaldwin52@rambler;false;en;system
257;carlosbecker38;zNoYCwry49oEJKHCMN0Q;Carlos;Becker;carlosbecker38@rambler;true;en;system
258;adamcarey17;sra87IFbGk61YHjZnp9p;Adam;Carey;adamcarey17@gmail;true;en;system
259;davidbarrington75;ds9f3q8cIULuc9HC6c0w;David;Barrington;davidbarrington75@gmail;true;en;system
260;bernardabramson16;bexqZOjHJHICDfSoWMSC;Bernard;Abramson;bernardabramson16@rambler;false;en;system
261;albertcampbell55;MlfXH2g5FBv4Su5EfFN6;Albert;Campbell;albertcampbell55@gmail;true;en;system
262;alanadamson5;N6NFnnzuP8QevIggcu7d;Alan;Adamson;alanadamson5@gmail;false;en;system
263;brianbacker29;ul31cTGdanw3R5OkXiON;Brian;Backer;brianbacker29@rambler;false;en;system
264;blakederrick39;jIzWayQZ2gj3ywrs4ZiA;Blake;Derrick;blakederrick39@mail;true;en;system
265;benjamindaniels9;bOhsi3gDMWtpAEH6uGkw;Benjamin;Daniels;benjamindaniels9@yandex;false;en;system
266;cameronbarrington28;fHBRRuhyOgGn1w3Y5LN9;Cameron;Barrington;cameronbarrington28@rambler;true;en;system
267;alanabramson70;9gCVFs1W0s64JlJYm1VZ;Alan;Abramson;alanabramson70@rambler;true;en;system
268;blakedodson3;b3YXRCsuWco1a8hRRHlZ;Blake;Dodson;blakedodson3@rambler;true;en;system
269;ashtondodson41;jFSiwpcf03lccBwbVBPx;Ashton;Dodson;ashtondodson41@rambler;false;en;system
270;brandonaddington12;kHblUQzg01iRaw6GBJ0J;Brandon;Addington;brandonaddington12@gmail;false;en;system
271;christopherdavidson14;5NVJRMM2j7l2oLrfRABk;Christopher;Davidson;christopherdavidson14@yandex;true;en;system
272;carlderrick78;f2oEnRieTL4Q3H4wEyrr;Carl;Derrick;carlderrick78@mail;false;en;system
273;bruceabramson74;wiF05oAEpOGDUrMXFx4G;Bruce;Abramson;bruceabramson74@yandex;true;en;system
274;albertbaldwin65;y7JeNAXY064GKoky3YkR;Albert;Baldwin;albertbaldwin65@gmail;false;en;system
275;briandavidson39;TabwRsTOorx4kMPAhWYZ;Brian;Davidson;briandavidson39@mail;false;en;system
276;alfredadamson82;nTc90DHVgqTGBvV5XyNk;Alfred;Adamson;alfredadamson82@rambler;true;en;system
277;andrewdaniels15;AAQdnwtnvhZEHfcsnowJ;Andrew;Daniels;andrewdaniels15@rambler;true;en;system
278;antoniocarey99;eZpZFyreIaHcVrnv5csE;Antonio;Carey;antoniocarey99@mail;false;en;system
279;antoniodavidson55;t5E53uJv8nm3Br5O25JR;Antonio;Davidson;antoniodavidson55@gmail;false;en;system
280;anthonydonaldson6;O5NXrB73Eot36Dfs4aYm;Anthony;Donaldson;anthonydonaldson6@gmail;true;en;system
281;brucedaniels18;1pVzURmgP2OmJkqCFBvu;Bruce;Daniels;brucedaniels18@mail;false;en;system
282;bryanbarrington33;TcuvcopWdBTup36ZrCBH;Bryan;Barrington;bryanbarrington33@yandex;true;en;system
283;brucecarey66;YoIBdjoeBpvGtvF9ubN3;Bruce;Carey;brucecarey66@yandex;true;en;system
284;ashtoncampbell34;yhdSOI3BA04WByMYQgGI;Ashton;Campbell;ashtoncampbell34@yandex;true;en;system
285;aaronbacker64;mPLY8ZstTH3T2218GLG5;Aaron;Backer;aaronbacker64@gmail;false;en;system
286;alexdaniels79;haxinXq1PDIEDmH2k3mn;Alex;Daniels;alexdaniels79@mail;true;en;system
287;christopherbarrington90;pasHlgdwSB7HUSJKrMe4;Christopher;Barrington;christopherbarrington90@yandex;true;en;system
288;ashtonbecker84;aHoAeB93I8WqY19B2uks;Ashton;Becker;ashtonbecker84@mail;true;en;system
289;alfreddaniels24;lc43oQnWXVrrBAByU79N;Alfred;Daniels;alfreddaniels24@mail;false;en;system
290;brianbacker47;7peOilgyaEDbdEbYZVMZ;Brian;Backer;brianbacker47@mail;false;en;system
291;alejandroaddington3;37j9pZiG28BnURZpeQxB;Alejandro;Addington;alejandroaddington3@gmail;false;en;system
292;antoniobenson74;PSiEoZPdHxZmYq00G8sb;Antonio;Benson;antoniobenson74@gmail;false;en;system
293;colebaldwin99;yZqBeipX8ZN3KjfIcv27;Cole;Baldwin;colebaldwin99@rambler;true;en;system
294;alejandrodavidson5;V0ya56iqw9WbAok5frss;Alejandro;Davidson;alejandrodavidson5@gmail;true;en;system
295;cameroncharlson19;00ace2Afmz8xEaST1okl;Cameron;Charlson;cameroncharlson19@gmail;false;en;system
296;alejandrochesterton89;Q3b0T5avLhPsXIye1Ku8;Alejandro;Chesterton;alejandrochesterton89@mail;true;en;system
297;antoniocharlson86;HB0ubKhYeyYgZ9vD7ZMl;Antonio;Charlson;antoniocharlson86@mail;true;en;system
298;aidanadderiy56;PXWHd4QTsFi1DHSPIh5J;Aidan;Adderiy;aidanadderiy56@gmail;true;en;system
299;adriandonaldson44;xsM9xSsHb0w5lOXDgNDd;Adrian;Donaldson;adriandonaldson44@rambler;true;en;system
300;briandodson0;wO3gAn3cr1k7JJockjlf;Brian;Dodson;briandodson0@gmail;true;en;system
301;danieldodson91;J6auNdHfEgMnaIuCdJYR;Daniel;Dodson;danieldodson91@gmail;true;en;system
302;davidabramson6;BHtgHXu6uLxWcFX5NLa7;David;Abramson;davidabramson6@gmail;false;en;system
303;adamcampbell22;qXE0jRtXIOl0WLx2a5Cj;Adam;Campbell;adamcampbell22@mail;false;en;system
304;davidbacker8;TI7tWzoQ9mpSO1w186U7;David;Backer;davidbacker8@yandex;false;en;system
305;camerondickinson93;T5sYu4CF5U4HfkoUWC7V;Cameron;Dickinson;camerondickinson93@rambler;false;en;system
306;benjamindavidson35;8d3IPOrqb4HQGAaJClgb;Benjamin;Davidson;benjamindavidson35@gmail;false;en;system
307;danielbaldwin80;WRIp6pXtctv1FbXlkHbn;Daniel;Baldwin;danielbaldwin80@mail;false;en;system
308;ashtondaniels68;0WuNj4K7LLCzAe1qe7nG;Ashton;Daniels;ashtondaniels68@rambler;false;en;system
309;alejandrocalhoun39;Ns6c9tHd6RwAqOd2xQta;Alejandro;Calhoun;alejandrocalhoun39@mail;false;en;system
310;antoniobacker6;6p3Hy0T8QuRAbjRF1Awb;Antonio;Backer;antoniobacker6@rambler;true;en;system
311;cameronanderson97;kbNE82xAeTcWa7Y6DIqv;Cameron;Anderson;cameronanderson97@mail;true;en;system
312;adriancharlson44;emLZ3YvAMdmgB57wuwJo;Adrian;Charlson;adriancharlson44@gmail;true;en;system
313;anthonyabramson60;eEdHnZKm9fiThL56o3wD;Anthony;Abramson;anthonyabramson60@mail;false;en;system
314;brucecharlson8;MneOGFA7pV3ImziH7RMv;Bruce;Charlson;brucecharlson8@gmail;true;en;system
315;brandondonaldson24;akM6p27yR96dJJ5f8T38;Brandon;Donaldson;brandondonaldson24@rambler;false;en;system
316;davidaddington86;vJiubVRx1TD6JYKXG7j8;David;Addington;davidaddington86@mail;true;en;system
317;carladdington83;xIcAc6W1sdA8dtgz9khT;Carl;Addington;carladdington83@mail;true;en;system
318;danielabramson61;TDEh4H32GDO6pKgC6s0o;Daniel;Abramson;danielabramson61@gmail;false;en;system
319;ashtondaniels42;syM8RsyiPImmB9XmU0c6;Ashton;Daniels;ashtondaniels42@yandex;true;en;system
320;danieldaniels44;i4XiuAtIbjCHfQIyTAHe;Daniel;Daniels;danieldaniels44@mail;true;en;system
321;albertbarrington89;ZduXGUR22rHpdl8IEhnD;Albert;Barrington;albertbarrington89@mail;false;en;system
322;alandaniels26;Tgho1byHxg6SwEWXruIK;Alan;Daniels;alandaniels26@gmail;false;en;system
323;christopheradamson77;e2lKtlKzHJiToqBUjukP;Christopher;Adamson;christopheradamson77@gmail;true;en;system
324;charlesdavidson34;Tzl8Pm90qKr9xAe9A0Ql;Charles;Davidson;charlesdavidson34@yandex;true;en;system
325;cameronanderson52;kbxrpUgTeaJuhRX4eYC2;Cameron;Anderson;cameronanderson52@gmail;true;en;system
326;danieladdington54;PLaDX6VF1CjaY5RJc8qw;Daniel;Addington;danieladdington54@mail;true;en;system
327;carlosadderiy11;WtDQ3LyLCKL0OMZEUxxG;Carlos;Adderiy;carlosadderiy11@yandex;true;en;system
328;briananderson20;jH2bn65YCLi5qwv5dyAm;Brian;Anderson;briananderson20@yandex;true;en;system
329;aidandonaldson11;orssNG2Iw3FuLKCkxU0F;Aidan;Donaldson;aidandonaldson11@yandex;false;en;system
330;andrewcarey47;rK8aKtyPqo99ad3ALJDm;Andrew;Carey;andrewcarey47@yandex;true;en;system
331;davidbecker43;FppDGTsWmyUGAkEQwIlp;David;Becker;davidbecker43@gmail;false;en;system
332;charlesdaniels41;B3OOavjPxMTKRX643Kon;Charles;Daniels;charlesdaniels41@rambler;false;en;system
333;anthonydaniels31;H5sSCmHfPPjCW9r4Kir8;Anthony;Daniels;anthonydaniels31@gmail;false;en;system
334;brucebecker48;sUiTOeZ35Pqb2itMLaAv;Bruce;Becker;brucebecker48@rambler;true;en;system
335;alancharlson44;imVzKmLqhMxHUzpNoWYU;Alan;Charlson;alancharlson44@yandex;false;en;system
336;briandodson6;5n8RT6ZxGn7PooODtTW4;Brian;Dodson;briandodson6@yandex;true;en;system
337;briananderson86;54SxEnyBVDlXwv1cYKiN;Brian;Anderson;briananderson86@rambler;false;en;system
338;carloscampbell8;JZLnUgxpWvk43FOBesl3;Carlos;Campbell;carloscampbell8@mail;false;en;system
339;benjamindodson64;goqe6BvcYfB7m485I3gO;Benjamin;Dodson;benjamindodson64@yandex;false;en;system
340;alexcalhoun38;qv10IJ1YAW2KSCiUs4pO;Alex;Calhoun;alexcalhoun38@rambler;false;en;system
341;aidananderson66;j8Oa3uds5EknIF5w9kUg;Aidan;Anderson;aidananderson66@rambler;true;en;system
342;brandondaniels50;mxx2yJZj1p2IK9nWgAiy;Brandon;Daniels;brandondaniels50@rambler;false;en;system
343;cameronbaldwin72;JYqJ9dzw5S0nZvno30Sn;Cameron;Baldwin;cameronbaldwin72@yandex;true;en;system
344;albertabramson12;svQkhPPuI56h3cV5TtBu;Albert;Abramson;albertabramson12@yandex;true;en;system
345;andrewadderiy90;1SipzpBojJ37bGeGmKzR;Andrew;Adderiy;andrewadderiy90@gmail;false;en;system
346;anthonycampbell64;9LjDaJMsRchTKCBmHwSv;Anthony;Campbell;anthonycampbell64@yandex;false;en;system
347;briancharlson11;bCLdfFaQtSPckD3Kj8g1;Brian;Charlson;briancharlson11@mail;true;en;system
348;alfreddaniels39;s7LTRFpvHfI0DSsgfsPK;Alfred;Daniels;alfreddaniels39@yandex;false;en;system
349;brandonbacker13;8gCIt0GK72siJgWLzylW;Brandon;Backer;brandonbacker13@yandex;false;en;system
350;albertbenson10;DFw93I3t7hWeTvZ2BQTH;Albert;Benson;albertbenson10@mail;false;en;system
351;danielderrick99;N1ZAJxRI3WgHEVtJvo5C;Daniel;Derrick;danielderrick99@gmail;false;en;system
352;anthonybenson47;HW3stFy3yNHwTHdVW2rl;Anthony;Benson;anthonybenson47@mail;true;en;system
353;dennisdodson23;i00mAIRLxUIn6KP7BSU6;Dennis;Dodson;dennisdodson23@yandex;true;en;system
354;aaronchesterton55;sP3snhdf3fs0p9gyiHMJ;Aaron;Chesterton;aaronchesterton55@rambler;false;en;system
355;bernardcalhoun49;H8vPkoJuvVTuuvdJ4Vib;Bernard;Calhoun;bernardcalhoun49@mail;true;en;system
356;dennisdodson16;CQi7nl7LCG9k4xXTktZa;Dennis;Dodson;dennisdodson16@mail;true;en;system
357;daviddavidson14;JgCopmjPnKRr7wLQm0gy;David;Davidson;daviddavidson14@mail;false;en;system
358;andrewabramson79;t9B0U7rfhcQvAoUwpOrw;Andrew;Abramson;andrewabramson79@gmail;false;en;system
359;ashtonadderiy21;dbG39pEPLoAGr9YURs9H;Ashton;Adderiy;ashtonadderiy21@mail;true;en;system
360;alejandrobenson43;ckJTr9b5kMCps3JgCGG1;Alejandro;Benson;alejandrobenson43@yandex;true;en;system
361;benjaminanderson9;qSbeRs6ASiQpw31f4y5i;Benjamin;Anderson;benjaminanderson9@yandex;false;en;system
362;brandoncarey97;E52CywcgVbH3bMtIFTbX;Brandon;Carey;brandoncarey97@rambler;false;en;system
363;cameronaddington82;meHS34H9R8gOXJ1f4A8Q;Cameron;Addington;cameronaddington82@mail;true;en;system
364;brandoncarey0;gyNlYgvoUf2VqSwm3Rbs;Brandon;Carey;brandoncarey0@gmail;false;en;system
365;davidabramson44;mNAkJor1Kf45hRXoiPen;David;Abramson;davidabramson44@mail;true;en;system
366;charleschesterton32;kp4Rp3hXrsQB3k8s78UU;Charles;Chesterton;charleschesterton32@rambler;true;en;system
367;andrewbecker85;KjVcGl9rWaIVCAqlTGxK;Andrew;Becker;andrewbecker85@yandex;false;en;system
368;alexdaniels14;sAsYbnUejakca9vn4OxP;Alex;Daniels;alexdaniels14@rambler;true;en;system
369;aidananderson13;SWDBBEryemZ1TNQX7607;Aidan;Anderson;aidananderson13@mail;false;en;system
370;brianadderiy1;0NBUjLP8oQkk1ZNOoRU3;Brian;Adderiy;brianadderiy1@yandex;false;en;system
371;cameronanderson8;v2e2Dfw6cKfMhmOtO5ra;Cameron;Anderson;cameronanderson8@mail;false;en;system
372;dennisabramson72;s9okVOyKje9yG54uuj71;Dennis;Abramson;dennisabramson72@mail;true;en;system
373;brianbarrington95;cDXQSbSZIro8L2tRVts4;Brian;Barrington;brianbarrington95@mail;false;en;system
374;adrianaddington20;uaGlkNrQkSv9MK70nJa1;Adrian;Addington;adrianaddington20@mail;true;en;system
375;alexanderson22;cpwtw09ekzh9Rdp7LUcE;Alex;Anderson;alexanderson22@mail;true;en;system
376;dennisdavidson46;MQfPT9s5HfuG7vyUFM2a;Dennis;Davidson;dennisdavidson46@rambler;true;en;system
377;danielchesterton14;yhUz8LKX7EpKLP5NN68i;Daniel;Chesterton;danielchesterton14@mail;false;en;system
378;aidandavidson92;gWI3zrEgKVZzl93zM6Gs;Aidan;Davidson;aidandavidson92@rambler;false;en;system
380;alexbenson49;vuhl6nukdAN6d8yAre1T;Alex;Benson;alexbenson49@yandex;true;en;system
381;brucechesterton50;SS31I0xUSWrid3mLZnmY;Bruce;Chesterton;brucechesterton50@rambler;true;en;system
382;benjaminadamson54;0nJ4XrJ0Tz98FAC2O6DS;Benjamin;Adamson;benjaminadamson54@gmail;false;en;system
383;adamabramson49;28RllW9IhwzAHrfMr2I2;Adam;Abramson;adamabramson49@yandex;true;en;system
384;davidanderson77;gZGtmFiTWYHWVnnHenkk;David;Anderson;davidanderson77@yandex;false;en;system
385;anthonydonaldson69;HGgSSU4lCIQx54kGHUjx;Anthony;Donaldson;anthonydonaldson69@rambler;false;en;system
386;briandavidson29;TdRmsDdAUUTTpuZ5mDM3;Brian;Davidson;briandavidson29@gmail;true;en;system
387;carlosabramson93;s0F1xMJzfp2xzWbNKA73;Carlos;Abramson;carlosabramson93@mail;true;en;system
388;andrewdodson67;UDJQmVCiFCLIeX7Cy0ro;Andrew;Dodson;andrewdodson67@yandex;false;en;system
389;anthonychesterton80;CrVG9meRzGtEvGyXCkJv;Anthony;Chesterton;anthonychesterton80@gmail;false;en;system
390;colebecker20;rrIYxwnMZ35smOF6Wd5Z;Cole;Becker;colebecker20@yandex;false;en;system
391;coleabramson57;jwZxpIq3iJy1uetl7xBA;Cole;Abramson;coleabramson57@gmail;false;en;system
392;alexanderson46;TPwkDNjAIruBCRungEZa;Alex;Anderson;alexanderson46@yandex;true;en;system
393;antoniodickinson25;ECr6ZXAIf8NIYB9MobOZ;Antonio;Dickinson;antoniodickinson25@rambler;false;en;system
394;aidandonaldson72;pGfQkjXPPAlkNLU7o4HM;Aidan;Donaldson;aidandonaldson72@rambler;false;en;system
395;ashtoncharlson94;yrFD8VLkQc299HHq7VjS;Ashton;Charlson;ashtoncharlson94@gmail;true;en;system
396;albertbenson6;q7aw0MX30m8rQwL9Xqf5;Albert;Benson;albertbenson6@rambler;false;en;system
397;bruceaddington99;EyWhW2se8DNO0kqQAcqE;Bruce;Addington;bruceaddington99@gmail;true;en;system
398;ashtonanderson89;bgsoM3CQsW37eUqwqRnj;Ashton;Anderson;ashtonanderson89@rambler;false;en;system
399;christopheraddington29;YGo5smIAuTYtpusNsnQ8;Christopher;Addington;christopheraddington29@rambler;true;en;system
400;benjaminbaldwin72;RkliZqflFuAwxNqXKnyW;Benjamin;Baldwin;benjaminbaldwin72@mail;true;en;system
401;andrewdavidson47;XdBnmnXNAxej1OrIdj5G;Andrew;Davidson;andrewdavidson47@yandex;false;en;system
402;danieldonaldson78;MkLXfqESd7h7PvgnPZeo;Daniel;Donaldson;danieldonaldson78@gmail;false;en;system
403;bryanadamson18;Bl95KVpy17nUPTFLCeFK;Bryan;Adamson;bryanadamson18@yandex;false;en;system
404;alanabramson26;IyNRoSqzB9dl5Vcgz34j;Alan;Abramson;alanabramson26@mail;false;en;system
405;coledickinson91;QmBSKraQnyaEUl1hcoGA;Cole;Dickinson;coledickinson91@rambler;true;en;system
406;adambecker88;M085rYmLHqX7bPpFlfGA;Adam;Becker;adambecker88@mail;false;en;system
407;dennisadamson13;W7QMDe5t50cpHqinuRrk;Dennis;Adamson;dennisadamson13@gmail;true;en;system
408;aidanadamson83;lcgEitiyUH0fwu6Oodzd;Aidan;Adamson;aidanadamson83@mail;true;en;system
409;daviddonaldson70;VF5PNQRkhz2yMUBqtBoU;David;Donaldson;daviddonaldson70@rambler;false;en;system
410;cameronbenson89;0fGp3l61iMTJr3zvipru;Cameron;Benson;cameronbenson89@rambler;false;en;system
411;cameronanderson93;uIE8h0xdvFnIQNlGV2qs;Cameron;Anderson;cameronanderson93@mail;true;en;system
412;carlcarey24;QR8m9KwWwHNGBznlIrAy;Carl;Carey;carlcarey24@gmail;false;en;system
413;bernardcampbell8;XYxsDI8caHsmrS5qq41a;Bernard;Campbell;bernardcampbell8@mail;false;en;system
414;alexcampbell33;LsWUdy12AtQyMsqggDfo;Alex;Campbell;alexcampbell33@mail;true;en;system
415;danieldavidson80;wuNbP7iieT5po0MWKtYO;Daniel;Davidson;danieldavidson80@mail;false;en;system
416;aarondonaldson94;QUOjYVwNcRbm168TVkXT;Aaron;Donaldson;aarondonaldson94@rambler;true;en;system
417;davidbacker87;9UkJ3N1emERVdsCQtaCW;David;Backer;davidbacker87@yandex;false;en;system
418;danielanderson21;MxCxsI9ha43Z0afKBih3;Daniel;Anderson;danielanderson21@rambler;true;en;system
419;alancampbell63;oPIFgVe6Ch2UjRj3UuBR;Alan;Campbell;alancampbell63@rambler;false;en;system
420;alanadderiy4;Rc5fojSYIqSgMGyQeJFY;Alan;Adderiy;alanadderiy4@mail;true;en;system
421;alandaniels79;LcePHlu2bjbaOQXcmfEw;Alan;Daniels;alandaniels79@yandex;false;en;system
422;anthonybarrington40;bJm9xvgd7CBHmwBhNj5b;Anthony;Barrington;anthonybarrington40@yandex;false;en;system
423;brandonabramson27;MAnbxzfeVIgXGijHVsUa;Brandon;Abramson;brandonabramson27@rambler;false;en;system
424;albertanderson53;K6kt3X30GJAGDtpMeQNw;Albert;Anderson;albertanderson53@rambler;false;en;system
425;brandonbenson54;GZjsj9iooFS5RyVXpbQu;Brandon;Benson;brandonbenson54@gmail;true;en;system
426;bernardadderiy23;xtwi2R6pqXq8vIL4FdM4;Bernard;Adderiy;bernardadderiy23@yandex;true;en;system
427;albertdonaldson66;HcEcKgCNM3GcwepCApMy;Albert;Donaldson;albertdonaldson66@mail;false;en;system
428;aidanbacker43;xzRpTZLNAuso6GIqawpi;Aidan;Backer;aidanbacker43@yandex;false;en;system
429;alfredadderiy52;DKMvcihR84voqUQQgZZD;Alfred;Adderiy;alfredadderiy52@rambler;true;en;system
430;adrianbacker11;25suDsSixHEafKXmkN1j;Adrian;Backer;adrianbacker11@gmail;false;en;system
431;carlbecker68;e4B7GqOVTRbY9qMTUu5L;Carl;Becker;carlbecker68@gmail;true;en;system
432;danielcharlson2;6HhfDHrA8Ps03HNZsaFN;Daniel;Charlson;danielcharlson2@rambler;true;en;system
433;alejandrocarey75;mVADQXEDTN0QxjpoOr9Q;Alejandro;Carey;alejandrocarey75@yandex;false;en;system
434;colechesterton14;SC1AA6M6l8LEkcRfEdxJ;Cole;Chesterton;colechesterton14@yandex;true;en;system
435;aidandaniels25;wA5hVNnUCh4lJiJJ3biL;Aidan;Daniels;aidandaniels25@yandex;false;en;system
436;alejandrocalhoun84;7nd4vn09M5r3oyBAAzjk;Alejandro;Calhoun;alejandrocalhoun84@rambler;true;en;system
437;carladderiy78;EaO6PfM2rgTHQhB3tuaC;Carl;Adderiy;carladderiy78@mail;true;en;system
438;brandonbacker54;NwAtOSWpHcyNmT9SPJ40;Brandon;Backer;brandonbacker54@rambler;true;en;system
439;camerondonaldson39;Rbl6TOxdR9nxmfMFQJbJ;Cameron;Donaldson;camerondonaldson39@yandex;false;en;system
440;camerondickinson2;Z3Aw7LaoegB7xKp2t6UN;Cameron;Dickinson;camerondickinson2@gmail;true;en;system
441;benjaminchesterton93;I4zMcwIw4py6nyEcS7PS;Benjamin;Chesterton;benjaminchesterton93@yandex;false;en;system
443;dennisdodson13;K8zbEZgWI0bE3u8lbqd3;Dennis;Dodson;dennisdodson13@mail;false;en;system
444;alancalhoun20;QlLSP2jpsJhLGVUlkcPG;Alan;Calhoun;alancalhoun20@rambler;true;en;system
445;ashtonbacker21;tP6WUnfkBwHz4UeoZLUv;Ashton;Backer;ashtonbacker21@yandex;true;en;system
446;andrewbenson11;2C9yrfSvXmUOWQtDVvRr;Andrew;Benson;andrewbenson11@rambler;false;en;system
447;carlanderson60;POyG6BfpV2LjOX3UFhlw;Carl;Anderson;carlanderson60@mail;false;en;system
448;brianabramson27;30g5hcWBfgSrtw4Y28I4;Brian;Abramson;brianabramson27@gmail;false;en;system
449;brandondaniels90;ZZ5vLzsK1ZvUFGfmBbyM;Brandon;Daniels;brandondaniels90@yandex;true;en;system
450;christophercalhoun87;DmewlH6SMxG902ly7T4k;Christopher;Calhoun;christophercalhoun87@gmail;false;en;system
451;davidbenson79;u9Q4bdVvgE96hvmYPq5S;David;Benson;davidbenson79@yandex;true;en;system
452;brucebacker43;Swd1695CBVQ0ZlSOgYXB;Bruce;Backer;brucebacker43@gmail;false;en;system
453;cameroncalhoun82;3VBb9fdVPceOewRxRkUf;Cameron;Calhoun;cameroncalhoun82@gmail;false;en;system
454;briandodson85;wz0MCP3HQjJl9kCNRq9M;Brian;Dodson;briandodson85@yandex;true;en;system
455;aaronbacker34;R8o2rKOfdRUXgAY9HAnf;Aaron;Backer;aaronbacker34@mail;true;en;system
456;benjaminbarrington92;7qoPGXf6swSUNixWncp3;Benjamin;Barrington;benjaminbarrington92@yandex;true;en;system
457;denniscarey36;aPL82cxbyFBCw5BF5uNC;Dennis;Carey;denniscarey36@gmail;false;en;system
458;bryandavidson8;vfYFH6O679A12gF9haU8;Bryan;Davidson;bryandavidson8@yandex;true;en;system
459;benjamincalhoun79;ZAvVbOyFckC5uwiWSJeC;Benjamin;Calhoun;benjamincalhoun79@gmail;true;en;system
460;davidanderson78;NCwImsfrh61r9t75P3MP;David;Anderson;davidanderson78@yandex;false;en;system
461;antoniobacker3;sZEYIS3opIbeEmz7fsgp;Antonio;Backer;antoniobacker3@rambler;false;en;system
462;alfredcarey18;m9vi6jJSzNBZLT0adZgW;Alfred;Carey;alfredcarey18@mail;true;en;system
463;aaronadderiy98;PAIAMWlVXaMbG23Mpo5J;Aaron;Adderiy;aaronadderiy98@yandex;true;en;system
464;danieldavidson50;CCj3kjGpXgsWVC5n4wkT;Daniel;Davidson;danieldavidson50@rambler;true;en;system
465;alfredcalhoun21;2svz8nezu2zyGwKGgvar;Alfred;Calhoun;alfredcalhoun21@yandex;false;en;system
466;bernardbaldwin74;Lwfxe7ePJLPQd9WQW4C9;Bernard;Baldwin;bernardbaldwin74@mail;false;en;system
467;carlosbarrington55;zKd37VexXeZU9C6B6u9K;Carlos;Barrington;carlosbarrington55@gmail;false;en;system
468;benjamindodson17;q6McxMuztIHJj0eJEjRp;Benjamin;Dodson;benjamindodson17@rambler;false;en;system
469;alfredbacker96;DUhjZLmGmLNZfYwo0A8M;Alfred;Backer;alfredbacker96@gmail;false;en;system
470;anthonyadamson19;YPIgp26dOsm1syfazEqe;Anthony;Adamson;anthonyadamson19@gmail;true;en;system
471;albertbenson61;4M8rsqd1W7BYh5YybQCj;Albert;Benson;albertbenson61@mail;false;en;system
472;albertabramson31;OgqqWr7nm1mW5H4kq0nW;Albert;Abramson;albertabramson31@mail;true;en;system
473;brucebenson55;j1d7p9ayJwJC8LHw6aOo;Bruce;Benson;brucebenson55@gmail;false;en;system
474;charlesdonaldson75;OCiq42NCu4hI4ehpcmW1;Charles;Donaldson;charlesdonaldson75@rambler;false;en;system
475;carlosbecker93;8ONotitybQ3MHh2XFT5Q;Carlos;Becker;carlosbecker93@gmail;false;en;system
476;bryandavidson36;525D0KvNqyFgKXSqulzm;Bryan;Davidson;bryandavidson36@yandex;true;en;system
477;bernarddavidson98;31lrqvz4jy6h4qV5MPsG;Bernard;Davidson;bernarddavidson98@mail;true;en;system
478;alfredabramson67;mjETL35Ni2nNVKcXBD2K;Alfred;Abramson;alfredabramson67@rambler;false;en;system
479;aaroncharlson69;8qi6zW2w4VhD7PIEZ4B2;Aaron;Charlson;aaroncharlson69@gmail;false;en;system
480;alejandrocharlson34;v9ZgurjdAe2T5F47Vimk;Alejandro;Charlson;alejandrocharlson34@yandex;false;en;system
481;carlosdonaldson88;E1AbQ3KMkePuv6fMDFt9;Carlos;Donaldson;carlosdonaldson88@mail;false;en;system
482;christopheraddington66;LSbEx9lWa6TXyztD9GNv;Christopher;Addington;christopheraddington66@yandex;false;en;system
483;aaronbecker68;a49KwV78n2qD0j0WoymN;Aaron;Becker;aaronbecker68@yandex;false;en;system
484;blakedonaldson28;7ejaQJx8QGEgl20LU7u5;Blake;Donaldson;blakedonaldson28@yandex;true;en;system
485;alexadamson39;FiL0eG59sp4qClDf2i3q;Alex;Adamson;alexadamson39@yandex;false;en;system
486;carldodson86;j21FPPWwmEhSIhqt96L3;Carl;Dodson;carldodson86@mail;false;en;system
487;bernardabramson32;aLZFOOR1UaesJIfta3DO;Bernard;Abramson;bernardabramson32@gmail;true;en;system
488;andrewdavidson96;62aXL1nOnSc2gg4tNl4p;Andrew;Davidson;andrewdavidson96@rambler;false;en;system
489;blakecharlson79;7P6g5LTeyFwfmva6azws;Blake;Charlson;blakecharlson79@yandex;true;en;system
490;cameronanderson79;6g6ClK6loz2D1qG2wrN9;Cameron;Anderson;cameronanderson79@yandex;false;en;system
491;briananderson39;wdFWkMK5YmHPJdYy21oG;Brian;Anderson;briananderson39@gmail;true;en;system
492;alancharlson5;75NOnn13FQCMmoflQoqX;Alan;Charlson;alancharlson5@rambler;false;en;system
493;brucecharlson99;sNsUNFVaWlwZdlB7ZqKR;Bruce;Charlson;brucecharlson99@yandex;false;en;system
494;alfredcalhoun90;p6hyLgrbsnQhFtGdiJOa;Alfred;Calhoun;alfredcalhoun90@yandex;true;en;system
495;blakedodson91;PhIEnyh0CKtwUpupMN9M;Blake;Dodson;blakedodson91@mail;false;en;system
496;carlosbarrington51;fZHlejJDnDGSvWP4ldfU;Carlos;Barrington;carlosbarrington51@gmail;true;en;system
497;alexbenson73;kwWDMd5Zp2wpO4yaN9sY;Alex;Benson;alexbenson73@gmail;false;en;system
498;ashtondodson17;yYmFKJeMMiUYpDPtVLlT;Ashton;Dodson;ashtondodson17@rambler;false;en;system
499;cameroncampbell60;i90Y1Y3q076o5L85Ufdh;Cameron;Campbell;cameroncampbell60@yandex;false;en;system
500;bruceanderson50;OHHNz2p1HtOKpIdsQcUv;Bruce;Anderson;bruceanderson50@gmail;true;en;system
501;alanbecker52;jsBZQorA0BdQIthFsQq5;Alan;Becker;alanbecker52@mail;true;en;system
502;carlcharlson1;RObq724WESNSiy5aptYw;Carl;Charlson;carlcharlson1@rambler;false;en;system
503;anthonybenson63;crB5W77QYNmQinL8rESQ;Anthony;Benson;anthonybenson63@yandex;true;en;system
504;bernardaddington87;a3oUHG0uJAqf4KuBNnL7;Bernard;Addington;bernardaddington87@mail;true;en;system
505;bernardbacker20;TyFUK8zLkfq0HBxfACYe;Bernard;Backer;bernardbacker20@yandex;false;en;system
506;cameronadamson62;QbYBzQKZbowDUjNCwR2j;Cameron;Adamson;cameronadamson62@rambler;true;en;system
507;antoniodickinson50;2YMnToKc3zkG910XLKka;Antonio;Dickinson;antoniodickinson50@rambler;true;en;system
508;adrianadderiy49;VTrFu3aj0NEpwmEiFrUP;Adrian;Adderiy;adrianadderiy49@mail;true;en;system
509;christophercarey6;oamncrEIsEJBSomGVvqC;Christopher;Carey;christophercarey6@gmail;true;en;system
510;alexdickinson7;An0xDYG6osuh7VCNi1Gd;Alex;Dickinson;alexdickinson7@gmail;false;en;system
511;aarondonaldson7;LsOJbHnu2qgEkTaUmG9I;Aaron;Donaldson;aarondonaldson7@mail;false;en;system
512;alejandrodavidson70;pQhsS2DgcOSsZDptMVQN;Alejandro;Davidson;alejandrodavidson70@rambler;false;en;system
513;aaronbenson3;8yBiW7TZXyKRbuk9d316;Aaron;Benson;aaronbenson3@yandex;true;en;system
514;aaronbenson98;crCf0n4QiEdbObkVWOAS;Aaron;Benson;aaronbenson98@gmail;true;en;system
515;anthonyderrick78;m0rOm9DDjAHSg1gXTXeD;Anthony;Derrick;anthonyderrick78@rambler;false;en;system
516;anthonybarrington14;n0u1qRvkfWXa30IplbnN;Anthony;Barrington;anthonybarrington14@mail;true;en;system
517;anthonyabramson36;tf2zjOSxEceylBsD0rDt;Anthony;Abramson;anthonyabramson36@gmail;false;en;system
518;alejandrodaniels27;Qh5JfvThllOPcTkNNYlQ;Alejandro;Daniels;alejandrodaniels27@yandex;true;en;system
519;abrahamderrick84;DNf7j8g9A8Qtw7laXUir;Abraham;Derrick;abrahamderrick84@yandex;false;en;system
520;aidanadamson96;NODvrVsdZeGCkNBWV1VC;Aidan;Adamson;aidanadamson96@mail;false;en;system
521;antoniocampbell7;OJEFJM1ZUiuN4dSugkAf;Antonio;Campbell;antoniocampbell7@yandex;true;en;system
522;camerondonaldson29;K469P7lr5whtGwcyJbYu;Cameron;Donaldson;camerondonaldson29@yandex;false;en;system
523;bryananderson1;v8lYgW1VAmOulIg4Vla2;Bryan;Anderson;bryananderson1@rambler;true;en;system
524;adamdickinson34;zebGroDh0fBz38Ht2dRp;Adam;Dickinson;adamdickinson34@yandex;true;en;system
525;blakeabramson56;3P6oPIObU1QLlVxUSIEQ;Blake;Abramson;blakeabramson56@rambler;true;en;system
526;brucedickinson31;JqdWP41JufwP7X3VfJtS;Bruce;Dickinson;brucedickinson31@gmail;true;en;system
527;andrewbaldwin34;HTt3fficg9ozu2XI9aLt;Andrew;Baldwin;andrewbaldwin34@yandex;false;en;system
528;cameronbenson9;bIGkgOfvIVrkqGg58uCC;Cameron;Benson;cameronbenson9@mail;true;en;system
529;ashtondonaldson3;jqRaywRS5gx1afZ44WDL;Ashton;Donaldson;ashtondonaldson3@gmail;true;en;system
530;bruceanderson12;CnKsnvIkRgrqnwshp49b;Bruce;Anderson;bruceanderson12@yandex;false;en;system
531;danielbacker52;kBO87NxKkoqEurfkrRN4;Daniel;Backer;danielbacker52@mail;false;en;system
532;carloscalhoun47;xaUNV7WhSKdC5kjozbbh;Carlos;Calhoun;carloscalhoun47@rambler;false;en;system
533;adamaddington95;QKj2oby0wJzBXDcmOC5v;Adam;Addington;adamaddington95@gmail;true;en;system
534;daviddodson21;z1KBevQ5IALO4lMT3HTE;David;Dodson;daviddodson21@rambler;false;en;system
535;carladdington9;ZzMhTnZu277lLJEAvcYq;Carl;Addington;carladdington9@yandex;true;en;system
536;davidchesterton28;FUL8yx4vOxHMvk97pNEt;David;Chesterton;davidchesterton28@gmail;false;en;system
537;andrewanderson1;ErrlnMsJZaMOCewpfr00;Andrew;Anderson;andrewanderson1@yandex;false;en;system
538;dennisdavidson80;50xPYxD0vmc3FSSqYxae;Dennis;Davidson;dennisdavidson80@mail;false;en;system
539;abrahamcalhoun31;LUNo7Fn5rRANp1V5JSQJ;Abraham;Calhoun;abrahamcalhoun31@rambler;true;en;system
540;abrahamadderiy75;Rgc5yDr2QRCiuNOqQybu;Abraham;Adderiy;abrahamadderiy75@gmail;false;en;system
541;carloscharlson6;mRyz3QoiH2pbjLxn0SPb;Carlos;Charlson;carloscharlson6@rambler;true;en;system
542;coledonaldson22;ajZ9F4tVTmjclFUmdP4M;Cole;Donaldson;coledonaldson22@yandex;false;en;system
543;bruceadamson33;lFl0oWPrMrc5gUlXXELI;Bruce;Adamson;bruceadamson33@rambler;true;en;system
544;albertchesterton52;1kQqkMZn0SWugvYbLZAo;Albert;Chesterton;albertchesterton52@mail;false;en;system
545;bernardadderiy10;1Vce6yFylO4UOdU6P4yg;Bernard;Adderiy;bernardadderiy10@rambler;true;en;system
546;brandonanderson96;IADAJTd60OE7hfCIDeTG;Brandon;Anderson;brandonanderson96@gmail;true;en;system
547;bryanchesterton42;5Eadza19LKr12eGWIJLX;Bryan;Chesterton;bryanchesterton42@gmail;false;en;system
548;adriandaniels35;vPJbLfIdjiZX3VXzO4ip;Adrian;Daniels;adriandaniels35@gmail;true;en;system
549;bernardbarrington13;J0r2B32UM2xaJy0GTrI1;Bernard;Barrington;bernardbarrington13@yandex;false;en;system
550;anthonydickinson92;k3oN5aPCiQuOLPyDjbev;Anthony;Dickinson;anthonydickinson92@gmail;false;en;system
551;dennisdaniels5;OOIwTnKaP1FgafnLwpFt;Dennis;Daniels;dennisdaniels5@yandex;true;en;system
552;christopherbaldwin85;r7SL6rkGubphWACdrgJO;Christopher;Baldwin;christopherbaldwin85@gmail;false;en;system
553;alfredbarrington33;vyzoABg0cLrh94v059mE;Alfred;Barrington;alfredbarrington33@gmail;false;en;system
554;adriancampbell66;g0gwuTFj5dPhm6xi0pZN;Adrian;Campbell;adriancampbell66@yandex;false;en;system
555;alejandrochesterton30;6AMJyjceHuAkPmWT5E5Z;Alejandro;Chesterton;alejandrochesterton30@rambler;false;en;system
556;colecampbell85;NjFSlWSrVwsWagchgF0I;Cole;Campbell;colecampbell85@gmail;false;en;system
557;danieladamson68;zjwg7K8TKkbAo8s5qjLF;Daniel;Adamson;danieladamson68@yandex;false;en;system
558;ashtondonaldson69;Newr9OTXXqtiWtUwMrgW;Ashton;Donaldson;ashtondonaldson69@gmail;false;en;system
559;danielabramson9;jm6enywtPHGwT0hJWV92;Daniel;Abramson;danielabramson9@gmail;true;en;system
560;ashtonchesterton57;389wJWK32IELSBnpsH8X;Ashton;Chesterton;ashtonchesterton57@mail;true;en;system
561;carladamson63;Pykf1KMSyJXmr8YIluB3;Carl;Adamson;carladamson63@yandex;true;en;system
562;aidanbacker90;yLRktRp8lrU7uJHSy6D8;Aidan;Backer;aidanbacker90@gmail;false;en;system
563;brucecalhoun36;n9JH0N15fxFxhXsce0Yv;Bruce;Calhoun;brucecalhoun36@yandex;false;en;system
564;adamcarey44;ShKFyqlpJiziqi0eUJJJ;Adam;Carey;adamcarey44@yandex;true;en;system
565;charlesbaldwin44;44ui6CcHwXdvAi5AspZW;Charles;Baldwin;charlesbaldwin44@yandex;true;en;system
566;cameroncampbell52;XVNsh5AWzWOuBqgjNkkR;Cameron;Campbell;cameroncampbell52@rambler;true;en;system
567;alexanderson99;SX8fSxkd9SPujUGKYB7d;Alex;Anderson;alexanderson99@rambler;true;en;system
568;bruceadamson96;NhkWDTWZIXifVpbDkgI7;Bruce;Adamson;bruceadamson96@yandex;false;en;system
569;aidanabramson88;qURBPP8tYfT1gITRbtkW;Aidan;Abramson;aidanabramson88@rambler;false;en;system
570;colecharlson92;EqVVTCOEtWJj3kzi9XRA;Cole;Charlson;colecharlson92@mail;true;en;system
571;albertbecker96;fzeesqBT7veNpmOUvmfZ;Albert;Becker;albertbecker96@rambler;false;en;system
572;cameronbecker98;ky4dGq7ZmvoJrgI2q4Cp;Cameron;Becker;cameronbecker98@gmail;false;en;system
573;charleschesterton10;udPeLRm6KgsJ8fHzNKOu;Charles;Chesterton;charleschesterton10@yandex;true;en;system
574;alandodson92;M838cpWQkDh8gJX6tS7u;Alan;Dodson;alandodson92@mail;false;en;system
575;ashtoncalhoun57;qdMlBJGEsMjdfkbbLihJ;Ashton;Calhoun;ashtoncalhoun57@yandex;true;en;system
576;antonioderrick38;N7R6vcq0PJdwsFzyuQNJ;Antonio;Derrick;antonioderrick38@mail;true;en;system
577;brandonchesterton33;MKxEenAaAESuuI3xuTaN;Brandon;Chesterton;brandonchesterton33@rambler;false;en;system
578;andrewcharlson76;ccFUZ3MPpRNzeLT01dOe;Andrew;Charlson;andrewcharlson76@rambler;true;en;system
579;brandoncharlson79;LXdwDAU54VbIM7rfERND;Brandon;Charlson;brandoncharlson79@mail;false;en;system
580;ashtonaddington77;fesbbuE0jxjqda9JpZ3M;Ashton;Addington;ashtonaddington77@mail;true;en;system
581;brianderrick71;OT5LIsEDnIMWIO8hUH4W;Brian;Derrick;brianderrick71@gmail;true;en;system
582;bruceadderiy25;xZwfLVT9LPfuf9Lgbq6z;Bruce;Adderiy;bruceadderiy25@rambler;true;en;system
583;blakecarey20;DzrfhNXtU79DvwPSTams;Blake;Carey;blakecarey20@yandex;false;en;system
584;carldaniels54;t20lKnR5Vnp7oWP2Vw82;Carl;Daniels;carldaniels54@mail;false;en;system
585;davidcarey43;slqy0GGdxrqdWOgP0vSN;David;Carey;davidcarey43@rambler;false;en;system
586;benjaminadamson85;wFyRzlD07nclxCPLGtwn;Benjamin;Adamson;benjaminadamson85@yandex;true;en;system
587;carloscarey85;omgDbhsTRNVOLD5KF8rZ;Carlos;Carey;carloscarey85@mail;true;en;system
588;charlesdaniels0;lTy5NG8wFCTWtf5PThp3;Charles;Daniels;charlesdaniels0@gmail;false;en;system
589;charlesderrick13;GKme3qHCNMbvlnQqLkOX;Charles;Derrick;charlesderrick13@mail;false;en;system
590;andrewbaldwin80;DtZ94sKvswETHXNYs4CM;Andrew;Baldwin;andrewbaldwin80@gmail;false;en;system
591;carlosanderson6;wZmliAud42GSGQJwy5OD;Carlos;Anderson;carlosanderson6@gmail;true;en;system
592;brucederrick22;yRMbHro9kYNiIpagbNVZ;Bruce;Derrick;brucederrick22@yandex;true;en;system
593;christopherbaldwin14;S9UQ1GwLPkLnAkGCPXwv;Christopher;Baldwin;christopherbaldwin14@yandex;true;en;system
594;aidanbarrington40;KSRJRou9Iq9DRWIve2ia;Aidan;Barrington;aidanbarrington40@rambler;true;en;system
595;ashtoncalhoun83;4Y0YjaXgMqLhGbjMai82;Ashton;Calhoun;ashtoncalhoun83@yandex;false;en;system
596;carlcampbell96;ySKojnfRX4rBm0nLO7Mf;Carl;Campbell;carlcampbell96@yandex;false;en;system
597;ashtondavidson72;s0pFn2W1cntu1Sz3bTb2;Ashton;Davidson;ashtondavidson72@gmail;false;en;system
598;coledonaldson20;iRsKwc1irtDHqGOX1WRV;Cole;Donaldson;coledonaldson20@gmail;true;en;system
599;briancarey89;ksfFSxWamfKIZztt3puM;Brian;Carey;briancarey89@gmail;false;en;system
600;alejandrodavidson79;PLmqnSMb2fKoWv4NKz6R;Alejandro;Davidson;alejandrodavidson79@gmail;false;en;system
601;aidancalhoun79;VfjavRVpO6YNqJhCCrAi;Aidan;Calhoun;aidancalhoun79@mail;true;en;system
602;brianbenson32;vGgdOlRwdnuKAeXcWHnU;Brian;Benson;brianbenson32@rambler;true;en;system
603;christopherdickinson30;ZcBKetMV9nXMP0q1FY4Q;Christopher;Dickinson;christopherdickinson30@gmail;true;en;system
604;alexcarey58;LidfBJStII9MIS3UlysI;Alex;Carey;alexcarey58@yandex;false;en;system
605;adambecker93;VlKKMGpq6Y8jLNEsc4Io;Adam;Becker;adambecker93@gmail;false;en;system
606;cameronbarrington30;Yd8ZZHBMF4zWCPtMJcOb;Cameron;Barrington;cameronbarrington30@mail;false;en;system
607;abrahamdodson97;NmMLXktmoM6NPgSIHnup;Abraham;Dodson;abrahamdodson97@mail;false;en;system
608;brandonchesterton63;Pssg7nhN4C7VY9aG3l1r;Brandon;Chesterton;brandonchesterton63@mail;false;en;system
609;alexdavidson20;A34tvU9BdA5W27PmNbvu;Alex;Davidson;alexdavidson20@yandex;true;en;system
610;brucederrick93;QQsmz330ksSFvfDX1QNF;Bruce;Derrick;brucederrick93@rambler;false;en;system
611;blakebenson18;SWtTpcNhLNOOXSN5Busi;Blake;Benson;blakebenson18@yandex;false;en;system
612;camerondodson92;SqrMOB4VBRVLWfghsbGc;Cameron;Dodson;camerondodson92@gmail;false;en;system
613;dennischarlson86;UxG8WC7xhNfnzHG8QcVD;Dennis;Charlson;dennischarlson86@yandex;true;en;system
614;daviddaniels25;6E7rqmxPsx5PuIVXH83H;David;Daniels;daviddaniels25@yandex;true;en;system
615;aaronadamson26;hbfvGeBQtJY8nX6nibjR;Aaron;Adamson;aaronadamson26@mail;false;en;system
616;dennisadderiy63;WBo9K4v5kpi4GJ8pubyd;Dennis;Adderiy;dennisadderiy63@gmail;true;en;system
617;christopherdodson39;qbUqUkfpiTh8nFprzE9W;Christopher;Dodson;christopherdodson39@mail;true;en;system
618;abrahamadamson22;9dDSHiTY40MFNygBrazl;Abraham;Adamson;abrahamadamson22@gmail;false;en;system
619;blakedickinson59;VeucatTt7e4dM6YlcLG1;Blake;Dickinson;blakedickinson59@rambler;true;en;system
620;antoniodavidson78;GG7NTEeuYtUDwTqtkRuz;Antonio;Davidson;antoniodavidson78@yandex;true;en;system
621;brandondodson88;KrLocXjpCELmAWylbuxW;Brandon;Dodson;brandondodson88@yandex;true;en;system
622;alejandrocarey0;I7zYG3udEMer8lPhtJsz;Alejandro;Carey;alejandrocarey0@yandex;true;en;system
623;anthonychesterton19;25raUf7gjOc3pb34sGgx;Anthony;Chesterton;anthonychesterton19@rambler;false;en;system
624;abrahambarrington68;3cafNtjdvg8xI8xwCA6N;Abraham;Barrington;abrahambarrington68@mail;false;en;system
625;benjaminabramson75;Sa9BlO99EJVSDFQuEnTX;Benjamin;Abramson;benjaminabramson75@gmail;false;en;system
626;abrahamcarey61;D7U4fHmihMu1uZpprpDR;Abraham;Carey;abrahamcarey61@gmail;false;en;system
627;benjaminadamson30;SOM0lgPA7f5pEfLvDhRC;Benjamin;Adamson;benjaminadamson30@gmail;false;en;system
628;aidancharlson40;UhBRNjbcNKMZFFNlWrCK;Aidan;Charlson;aidancharlson40@rambler;true;en;system
629;blakedonaldson51;APqjXXuYjxlgaArNqfgq;Blake;Donaldson;blakedonaldson51@gmail;false;en;system
630;carldaniels71;CPdWjAfTCvCZu1Omfwxn;Carl;Daniels;carldaniels71@gmail;false;en;system
631;dennisdonaldson3;OJmnR3AIIE8byfqpFJSY;Dennis;Donaldson;dennisdonaldson3@mail;true;en;system
632;brandonbaldwin39;v8KlHoiJm4zftr30gBEi;Brandon;Baldwin;brandonbaldwin39@gmail;false;en;system
633;benjamindodson33;ietc0l0KroZOd4qFa9Co;Benjamin;Dodson;benjamindodson33@yandex;false;en;system
634;bryandonaldson88;xQzL2JF2jUOQfAdjt9Px;Bryan;Donaldson;bryandonaldson88@gmail;true;en;system
635;brianbacker0;zMPuCGh5Tow5AZJmUfd3;Brian;Backer;brianbacker0@yandex;false;en;system
636;danielbenson6;09Xz6DNzjctFPqRgZd2z;Daniel;Benson;danielbenson6@gmail;true;en;system
637;andrewaddington0;po42sKl85sus1EMaiCrM;Andrew;Addington;andrewaddington0@gmail;false;en;system
638;charlesanderson18;qcHUE1M5WdZtW9ID8AH4;Charles;Anderson;charlesanderson18@mail;false;en;system
639;aaronbacker35;80B2bUDPzGnmslRvyouW;Aaron;Backer;aaronbacker35@yandex;false;en;system
640;anthonyadderiy27;QLIlnrj4SVDq2g1QRMKQ;Anthony;Adderiy;anthonyadderiy27@gmail;true;en;system
641;albertcampbell31;UHgLfp5QxbmrMLZ5jTaD;Albert;Campbell;albertcampbell31@rambler;true;en;system
642;alexbarrington39;CGTWfTqcGkBHkE8qJ4eV;Alex;Barrington;alexbarrington39@mail;true;en;system
643;adamdickinson38;N8yPeg9ocq5ym47uYylo;Adam;Dickinson;adamdickinson38@yandex;true;en;system
644;alancharlson82;Z1ji4iwweLZihnLRbOxN;Alan;Charlson;alancharlson82@gmail;false;en;system
645;bernarddodson2;MAnGVfJUZp4hgzgzk1bt;Bernard;Dodson;bernarddodson2@mail;false;en;system
646;bryancharlson58;pwi3zUufpDkfjtxRZvAZ;Bryan;Charlson;bryancharlson58@yandex;false;en;system
647;daviddodson25;xC1VOF6CI8s0p3UfrwhO;David;Dodson;daviddodson25@yandex;false;en;system
648;abrahamdaniels12;4TjR9LCU2zk3s05icQXD;Abraham;Daniels;abrahamdaniels12@gmail;false;en;system
649;ashtonchesterton12;2XRnPFvGUuyLa4bSWPkc;Ashton;Chesterton;ashtonchesterton12@gmail;false;en;system
650;briandodson47;AaPgQMb3NGiNzbc1ZodF;Brian;Dodson;briandodson47@gmail;true;en;system
651;brandondaniels95;S2amJ00r98YsFe0XS8J9;Brandon;Daniels;brandondaniels95@mail;false;en;system
652;christopherbacker90;qeZGPo29m5y2gZ3TXJSa;Christopher;Backer;christopherbacker90@gmail;true;en;system
653;cameronaddington20;zlgok1C0t5ALPsKlnBoi;Cameron;Addington;cameronaddington20@gmail;true;en;system
654;brianchesterton1;ouVJNn2rnM7UjYgTM1d9;Brian;Chesterton;brianchesterton1@yandex;true;en;system
655;alexchesterton46;jvLC3sGvlzjFsWWPjAGA;Alex;Chesterton;alexchesterton46@yandex;false;en;system
656;cameronanderson99;NH9PvN9zsXNiFjAbls1Q;Cameron;Anderson;cameronanderson99@rambler;true;en;system
657;danieladamson77;HMVBj8v5LDiYkAyzZtaX;Daniel;Adamson;danieladamson77@rambler;true;en;system
658;brandonbaldwin50;MELMeSe17gyAUjAdgLyE;Brandon;Baldwin;brandonbaldwin50@yandex;true;en;system
659;davidadderiy48;NEpqFc5IpwuBSN1xBWwd;David;Adderiy;davidadderiy48@gmail;false;en;system
660;adambacker8;0w8BgQH0DMsXzZqxVbqK;Adam;Backer;adambacker8@gmail;true;en;system
661;adrianadamson56;4UpB86O2QngCuiDpsoFe;Adrian;Adamson;adrianadamson56@mail;true;en;system
662;alfreddavidson7;4sd1wFnqKPNMmzkGT23i;Alfred;Davidson;alfreddavidson7@rambler;true;en;system
663;andrewbaldwin64;jdnsqLCth7nhtJVTVALe;Andrew;Baldwin;andrewbaldwin64@rambler;false;en;system
664;carloscalhoun34;juUb3luLrT9Yt63OQo3R;Carlos;Calhoun;carloscalhoun34@yandex;true;en;system
665;albertbecker82;MntAuK5L56KVs4iwEQvT;Albert;Becker;albertbecker82@yandex;true;en;system
666;adriandavidson5;0oTOZGK6qaLmdBwjHKmP;Adrian;Davidson;adriandavidson5@rambler;false;en;system
667;alanadamson75;X5q22mhMpTU5MgeAc1ul;Alan;Adamson;alanadamson75@yandex;true;en;system
668;adrianderrick95;1X0ldtpec0ax2Ayagpun;Adrian;Derrick;adrianderrick95@rambler;false;en;system
669;alejandrodavidson71;Ab41VNEI4UZYNnnyb1F4;Alejandro;Davidson;alejandrodavidson71@yandex;false;en;system
670;antonioadamson41;HdkKvMmPnzu6EimKSiPj;Antonio;Adamson;antonioadamson41@yandex;true;en;system
671;albertadamson5;IlD7z7jxjtsmwpE94UY8;Albert;Adamson;albertadamson5@rambler;true;en;system
672;adamderrick99;tkM6C79EHPULG0G6kXwe;Adam;Derrick;adamderrick99@gmail;true;en;system
673;alancarey98;nLSOPXtJKudDknodafGf;Alan;Carey;alancarey98@mail;false;en;system
674;albertcharlson52;nGJ96iufk1Rh2mnS4Gnq;Albert;Charlson;albertcharlson52@mail;true;en;system
675;alanbenson67;Cn1icl0MrbsuYe328NJw;Alan;Benson;alanbenson67@mail;false;en;system
676;adambecker34;wcsXCwr8fxIgupjGDdKy;Adam;Becker;adambecker34@yandex;false;en;system
678;alfreddickinson47;MGCSFhQ4xpshOsvBUTcz;Alfred;Dickinson;alfreddickinson47@gmail;false;en;system
679;alandonaldson42;xLElAtgOq5uhzlOFUwwz;Alan;Donaldson;alandonaldson42@yandex;true;en;system
680;alejandrocarey93;8AU2VvWWNWCDkNKIPaDb;Alejandro;Carey;alejandrocarey93@mail;true;en;system
681;brandonadamson70;gJ14KytCRwV5UXOwG6oZ;Brandon;Adamson;brandonadamson70@gmail;false;en;system
682;aaronchesterton5;uHExlpjbnOD4S7qEKmxR;Aaron;Chesterton;aaronchesterton5@gmail;true;en;system
683;bryandickinson25;n56ePtLcspWSkH6KpxTh;Bryan;Dickinson;bryandickinson25@rambler;false;en;system
684;ashtonbarrington97;DNaVP2TIq31Mj94ZaicY;Ashton;Barrington;ashtonbarrington97@gmail;false;en;system
685;brianabramson46;d9J5fnpDYiDu9ukKW2Im;Brian;Abramson;brianabramson46@mail;false;en;system
686;alanbecker67;X25N2vAFYgwgxLtgfZe6;Alan;Becker;alanbecker67@gmail;true;en;system
687;ashtoncharlson24;tvdQMQXEe6H0zvzYix6N;Ashton;Charlson;ashtoncharlson24@yandex;false;en;system
688;carloscarey96;IudjWHzEj9fkUa13YS1Y;Carlos;Carey;carloscarey96@gmail;false;en;system
689;blakeanderson22;stxRIo8A58RGO27k9hq1;Blake;Anderson;blakeanderson22@mail;true;en;system
690;charleschesterton35;jlb1qUUPqckSJVuZ1c72;Charles;Chesterton;charleschesterton35@mail;true;en;system
691;carloscalhoun38;LKJQdZ7xMT12oOTj7zAE;Carlos;Calhoun;carloscalhoun38@rambler;true;en;system
692;bryananderson52;Fxy33r650KcAIxcjRE39;Bryan;Anderson;bryananderson52@yandex;true;en;system
693;ashtonanderson32;n0CVaT08lZJqMusYaVwd;Ashton;Anderson;ashtonanderson32@mail;true;en;system
694;christopheranderson74;Sn7MCFtJHCbu07JyKh2C;Christopher;Anderson;christopheranderson74@gmail;false;en;system
695;abrahamdickinson10;wlvAEGdYAYXpkYnbKXXn;Abraham;Dickinson;abrahamdickinson10@gmail;true;en;system
696;benjaminbarrington95;hakOXmVT2f3siCWJGSFV;Benjamin;Barrington;benjaminbarrington95@yandex;false;en;system
698;anthonydavidson22;GSq15jXAJDDltlbDrU4k;Anthony;Davidson;anthonydavidson22@yandex;true;en;system
699;camerondaniels90;W247k2W3mwHSP6gN5VA9;Cameron;Daniels;camerondaniels90@mail;false;en;system
700;bruceadderiy89;73wEtOLDQqzdZ7l3FgUb;Bruce;Adderiy;bruceadderiy89@gmail;false;en;system
701;alfreddickinson73;C3sLMGGRBV4UkDucm9Iv;Alfred;Dickinson;alfreddickinson73@mail;true;en;system
702;alexcharlson51;on8Tl85tDfzV76IpOsGZ;Alex;Charlson;alexcharlson51@yandex;false;en;system
703;colebenson60;fn5djaGH65vOeaBvzAKj;Cole;Benson;colebenson60@rambler;true;en;system
704;dennisbaldwin2;xjeIC8BIm4YpgoIDItxf;Dennis;Baldwin;dennisbaldwin2@gmail;false;en;system
705;cameronadamson50;dwM6rWOHWlj4vKPGgXqt;Cameron;Adamson;cameronadamson50@rambler;true;en;system
706;abrahamadamson17;nSX4tdwD3ejDqziLDTES;Abraham;Adamson;abrahamadamson17@yandex;false;en;system
707;abrahamaddington98;qazTTg7enaTxFRmCBnFQ;Abraham;Addington;abrahamaddington98@gmail;false;en;system
708;cameronabramson99;wTOCkIJpVepDPoFlGgJa;Cameron;Abramson;cameronabramson99@gmail;true;en;system
709;charlesaddington75;KTQABBFSHLZ7AxF2BeNI;Charles;Addington;charlesaddington75@yandex;false;en;system
710;alejandrobarrington24;hnmHqCNb7tM4HbvpRq9N;Alejandro;Barrington;alejandrobarrington24@gmail;false;en;system
711;carlosadamson25;ZJww6fDnRLz9HtimtSH6;Carlos;Adamson;carlosadamson25@rambler;false;en;system
712;alejandrocarey79;YF8gCUJldMsmS96Pz0m5;Alejandro;Carey;alejandrocarey79@gmail;true;en;system
713;antoniobacker81;sJEufas78CH1BpvIdCBQ;Antonio;Backer;antoniobacker81@yandex;true;en;system
714;anthonybecker86;XUDqoZ30kKpSO7ti2zuM;Anthony;Becker;anthonybecker86@yandex;false;en;system
715;adriandavidson74;f5zhOghaxqFZvsTZhnIG;Adrian;Davidson;adriandavidson74@mail;true;en;system
716;dennisabramson94;WHKTMY6npODKslcc1PZk;Dennis;Abramson;dennisabramson94@yandex;true;en;system
717;carlosdaniels34;yFiKU8afqkXxYEJ1duuc;Carlos;Daniels;carlosdaniels34@gmail;true;en;system
718;anthonydonaldson86;So98QhNKqeh2UcM518Cr;Anthony;Donaldson;anthonydonaldson86@yandex;false;en;system
719;anthonyadderiy45;ywqDOq0vghQnDmRpXTvt;Anthony;Adderiy;anthonyadderiy45@yandex;false;en;system
720;aaronbenson58;RN8hDAnMHWtutKcrCOJJ;Aaron;Benson;aaronbenson58@rambler;false;en;system
721;davidbacker41;PNaYD5yHxmOW8t5CuSjO;David;Backer;davidbacker41@yandex;true;en;system
722;bryanadamson10;4wvcl5A2hZzUpc0S5pnw;Bryan;Adamson;bryanadamson10@rambler;true;en;system
723;brandonbaldwin15;kk7LdsFhcYXLfv1v0RUx;Brandon;Baldwin;brandonbaldwin15@rambler;true;en;system
724;alejandrocharlson40;XQ5XkjbQl3I2MX9h4zmL;Alejandro;Charlson;alejandrocharlson40@yandex;true;en;system
725;alandickinson7;F43FSCC8AeQ50DvJMsXT;Alan;Dickinson;alandickinson7@mail;false;en;system
726;alanbenson54;S5hRu91E2LjZgejxu7Nr;Alan;Benson;alanbenson54@mail;false;en;system
727;alejandrobenson35;lg3YE0l0VlT6P3MWcB1q;Alejandro;Benson;alejandrobenson35@gmail;true;en;system
728;antoniobacker95;TUz1JLYGnq48GegOi6ny;Antonio;Backer;antoniobacker95@mail;true;en;system
729;aidanchesterton13;RaOJ0Row6ojRrRILgcyL;Aidan;Chesterton;aidanchesterton13@gmail;true;en;system
730;alexdaniels28;n9LbcLFUH3sDcjLA9Jvb;Alex;Daniels;alexdaniels28@yandex;false;en;system
731;charlesbacker93;Kx9vIuEApjq0PnTpIx6U;Charles;Backer;charlesbacker93@mail;false;en;system
732;aidancalhoun0;6356QRk3MXYVxuzi5x3s;Aidan;Calhoun;aidancalhoun0@rambler;true;en;system
733;brucecarey27;2fQA9uNpXADmhtpcap17;Bruce;Carey;brucecarey27@yandex;true;en;system
734;davidcarey88;ClQmHEl3G7zrIKpQWuPb;David;Carey;davidcarey88@yandex;false;en;system
735;alejandrocarey80;l0UrUaKubRAd6Pk7ssha;Alejandro;Carey;alejandrocarey80@gmail;true;en;system
736;alanchesterton44;34zi0Jnsvbbu9bpuV1Ih;Alan;Chesterton;alanchesterton44@gmail;true;en;system
737;alejandrocharlson50;hHkc2tnwKD8Ug4jJJvIg;Alejandro;Charlson;alejandrocharlson50@gmail;false;en;system
738;ashtondavidson1;U9nLZllQf2TSBxbHzy0q;Ashton;Davidson;ashtondavidson1@gmail;false;en;system
739;bryanbaldwin18;SxcWWLFKHSzCAg1saEtO;Bryan;Baldwin;bryanbaldwin18@mail;true;en;system
740;alanadamson42;MGPScbcYHoYi7k2LtAfY;Alan;Adamson;alanadamson42@gmail;false;en;system
741;andrewcampbell57;DdFcha6593asELrv2S7m;Andrew;Campbell;andrewcampbell57@mail;false;en;system
742;carloscharlson82;BoreNuLg3yuCh8DpMTdL;Carlos;Charlson;carloscharlson82@yandex;false;en;system
743;ashtonabramson46;XhzRJRjCK1PD0sJwIZd9;Ashton;Abramson;ashtonabramson46@gmail;false;en;system
744;alexcalhoun97;JpDFV2L0FL8nWok4TjxT;Alex;Calhoun;alexcalhoun97@yandex;false;en;system
745;andrewabramson98;7vfGnq2iFu2nFbIrBQnK;Andrew;Abramson;andrewabramson98@mail;true;en;system
746;bryanbarrington94;jfxdjLTGox4a7hBAD3Sm;Bryan;Barrington;bryanbarrington94@yandex;true;en;system
747;blakedonaldson93;F6gzMkfNn3cexMpf6BMJ;Blake;Donaldson;blakedonaldson93@yandex;true;en;system
748;alejandroderrick95;j6qU0VvudVRfYdy7UodW;Alejandro;Derrick;alejandroderrick95@mail;false;en;system
749;brandondickinson11;1ExkLZXsJ3d2YH5gMCpp;Brandon;Dickinson;brandondickinson11@gmail;false;en;system
750;alfreddaniels23;8KGBIYYNxw7vZdiutjhP;Alfred;Daniels;alfreddaniels23@rambler;false;en;system
751;charlesdodson65;NJ7rYyoBw8URZFBo7eud;Charles;Dodson;charlesdodson65@rambler;true;en;system
752;davidaddington73;qAm2EmrSDEvX3s66qIAr;David;Addington;davidaddington73@rambler;false;en;system
753;christopheradderiy15;ke0x3tfdBKFAx7GKe7u4;Christopher;Adderiy;christopheradderiy15@mail;false;en;system
754;adamderrick70;GzTXAdif2TpepFo8apWu;Adam;Derrick;adamderrick70@mail;false;en;system
755;carlderrick95;aIk910bX3YmZuGwnc0AK;Carl;Derrick;carlderrick95@gmail;false;en;system
756;alandickinson35;kjOmVJrRf6AIzEUCMRbw;Alan;Dickinson;alandickinson35@yandex;false;en;system
757;antoniocarey80;LYDPyXgLOWMaNsSypb86;Antonio;Carey;antoniocarey80@rambler;true;en;system
758;brandonadderiy41;BbUSUvrTnFej4UJWSmy6;Brandon;Adderiy;brandonadderiy41@mail;true;en;system
759;antonioabramson69;WkhKtYfqL0oCWx9TSmvM;Antonio;Abramson;antonioabramson69@mail;false;en;system
760;bryancampbell81;2cpqsMqcd8wRALQcNaO0;Bryan;Campbell;bryancampbell81@mail;true;en;system
761;abrahambacker8;Z64Xib2ENVxxqIPyZRcy;Abraham;Backer;abrahambacker8@mail;true;en;system
762;danielcampbell55;vGEQwdrVpIqOwrQpuoU1;Daniel;Campbell;danielcampbell55@mail;false;en;system
763;andrewcalhoun17;k9MTcF2b1fyC4XFLpV2F;Andrew;Calhoun;andrewcalhoun17@yandex;true;en;system
764;cameronabramson79;NiaqN0zWuNACBFTQZnFa;Cameron;Abramson;cameronabramson79@mail;true;en;system
765;aidanbacker57;BsEyt6sv6Zwlp4sJoFeC;Aidan;Backer;aidanbacker57@rambler;true;en;system
766;brucebarrington32;gES1m8g8RWsbIs8oVQwn;Bruce;Barrington;brucebarrington32@gmail;false;en;system
767;adriananderson25;KuZHM1orTKEfJAmMiETJ;Adrian;Anderson;adriananderson25@gmail;false;en;system
768;antonioadamson17;5tjYcY2Yxwuna6EkrKwS;Antonio;Adamson;antonioadamson17@mail;false;en;system
769;danieldonaldson13;oKxoOk0y6U8ayEMaVtEE;Daniel;Donaldson;danieldonaldson13@gmail;true;en;system
770;briananderson17;BZdYOZILfRGTS8EBeGTE;Brian;Anderson;briananderson17@mail;true;en;system
771;anthonyabramson40;Xby4FaSoLaxk8SQRCbNb;Anthony;Abramson;anthonyabramson40@gmail;false;en;system
772;alejandrodonaldson98;PY2JZDDdMYzvMMBHA8mr;Alejandro;Donaldson;alejandrodonaldson98@gmail;true;en;system
773;brianadderiy71;xkxQejPMBJOgVz1uuRqI;Brian;Adderiy;brianadderiy71@mail;false;en;system
774;carlbaldwin63;Na2pEdttLZDY8Aoa7rQU;Carl;Baldwin;carlbaldwin63@rambler;false;en;system
775;carladderiy97;LKXZr7drts41y21F56zY;Carl;Adderiy;carladderiy97@rambler;true;en;system
776;benjamindonaldson0;5TbGLVc2lkmZtekM2k8k;Benjamin;Donaldson;benjamindonaldson0@rambler;false;en;system
777;blakeaddington27;e1mKB8Mxh4geIAax0s6i;Blake;Addington;blakeaddington27@rambler;true;en;system
778;davidaddington40;5PEGKXnfdPZl6VDLTaHX;David;Addington;davidaddington40@gmail;false;en;system
779;antonioanderson90;yzQsVbBR2nyB3VP4xG8R;Antonio;Anderson;antonioanderson90@rambler;false;en;system
780;carldickinson34;bl2qcMumd0o5W9IamkgR;Carl;Dickinson;carldickinson34@rambler;true;en;system
781;daviddonaldson2;c240xASzOTnE3IxaCrQX;David;Donaldson;daviddonaldson2@mail;true;en;system
782;christopheraddington84;f0l27u5mDj97v24JtS9t;Christopher;Addington;christopheraddington84@gmail;true;en;system
783;blakecharlson72;adqRupXLnfhBz82SYGt8;Blake;Charlson;blakecharlson72@gmail;true;en;system
784;blakebacker42;X1FLDASUa3rMUkZXBL6H;Blake;Backer;blakebacker42@yandex;true;en;system
785;alfredaddington42;sN0m8vGuZjRbcEk576M1;Alfred;Addington;alfredaddington42@yandex;false;en;system
786;davidanderson17;8FaAebR5WW0izMv1zsva;David;Anderson;davidanderson17@mail;false;en;system
787;carlosaddington87;fqw9ZJmSL3i6QlaZiPgQ;Carlos;Addington;carlosaddington87@gmail;true;en;system
788;cameronanderson18;ehkNNdBxmSfBR1HuKcXt;Cameron;Anderson;cameronanderson18@gmail;true;en;system
789;abrahamcarey8;eMqNrSo3PWacEoSc9B5L;Abraham;Carey;abrahamcarey8@gmail;true;en;system
790;adriandaniels5;4qOkJo0MKm02bFmWnotU;Adrian;Daniels;adriandaniels5@gmail;true;en;system
791;ashtondodson62;v9u26Qa6UfbcxGvHEAEe;Ashton;Dodson;ashtondodson62@gmail;false;en;system
792;alexderrick93;7nrDNtGWS9sy3EXsFHSE;Alex;Derrick;alexderrick93@gmail;true;en;system
793;brucedodson69;lo0ua7ZcwZsmc4zhK3NV;Bruce;Dodson;brucedodson69@mail;false;en;system
794;bernardcalhoun78;7WqBlYqs6zOwAYekISEO;Bernard;Calhoun;bernardcalhoun78@rambler;true;en;system
795;daviddickinson89;cR5nsbTcuR8MPADGH3rb;David;Dickinson;daviddickinson89@gmail;false;en;system
796;dennisadamson83;SjyiQwfvQHHj18QrlnUU;Dennis;Adamson;dennisadamson83@yandex;true;en;system
797;christopheraddington38;yDegZaBkroL98VrNhJmM;Christopher;Addington;christopheraddington38@gmail;false;en;system
798;brucederrick4;73FaPjhjo3CEtkyOsP2r;Bruce;Derrick;brucederrick4@rambler;true;en;system
799;abrahamcalhoun47;aQO1BoyTlJrWk5VjAHsV;Abraham;Calhoun;abrahamcalhoun47@yandex;false;en;system
800;alfredcampbell86;UvWicZiXvKxHvn8vlrkw;Alfred;Campbell;alfredcampbell86@mail;true;en;system
801;alejandrodonaldson42;cIXejUQFfebBvbJdSKr3;Alejandro;Donaldson;alejandrodonaldson42@gmail;true;en;system
802;anthonybarrington72;O0ZnxbE8uPIdf7Mh1vjU;Anthony;Barrington;anthonybarrington72@rambler;false;en;system
803;carloschesterton27;auPNBGiVEUt4P9R1Tg9E;Carlos;Chesterton;carloschesterton27@rambler;true;en;system
804;alejandrobacker21;KqRAm731Ikpol3jSvUfN;Alejandro;Backer;alejandrobacker21@yandex;false;en;system
805;brandonadamson86;1VYhWy1fnxTDlXovZkdM;Brandon;Adamson;brandonadamson86@rambler;false;en;system
806;briancarey12;rzt6cn4hPu4qiToBtQRr;Brian;Carey;briancarey12@rambler;false;en;system
807;adrianaddington57;aAjfZkQLErbTEuiSydXL;Adrian;Addington;adrianaddington57@yandex;true;en;system
808;camerondodson62;ZLiC6hmXBqFvHALdZYXd;Cameron;Dodson;camerondodson62@rambler;false;en;system
809;carlbaldwin78;J5xDBIZIBZQ8fwHZGzO2;Carl;Baldwin;carlbaldwin78@yandex;true;en;system
810;brucebecker45;1z1skmspRavfnyyRSGI2;Bruce;Becker;brucebecker45@mail;false;en;system
811;alejandrodaniels10;NTwJIGwRZEIzMk68KytQ;Alejandro;Daniels;alejandrodaniels10@yandex;true;en;system
812;abrahamdonaldson4;Dtg8wX8qztxdB2KuvOi4;Abraham;Donaldson;abrahamdonaldson4@gmail;true;en;system
813;alfredchesterton58;aUpHjnHr1nJsJy9r646Z;Alfred;Chesterton;alfredchesterton58@mail;false;en;system
814;adrianbecker38;9OzeG51acQWnen97oHi1;Adrian;Becker;adrianbecker38@mail;false;en;system
816;aaronbaldwin96;8AhpkYpm90jPx8T35wo9;Aaron;Baldwin;aaronbaldwin96@gmail;false;en;system
817;briandavidson36;jPLOQs5Xinqd27Ja0YFz;Brian;Davidson;briandavidson36@gmail;true;en;system
818;anthonydodson96;55xr76vRd3cArQuhmnkO;Anthony;Dodson;anthonydodson96@rambler;true;en;system
819;dennisdonaldson74;j1ef9qpre9LfsrGAojo0;Dennis;Donaldson;dennisdonaldson74@yandex;true;en;system
820;davidcharlson41;IngYJa6HgVeLXLzdShTa;David;Charlson;davidcharlson41@mail;false;en;system
821;charlesdodson55;HERx3MGpnaH9t4CIxvth;Charles;Dodson;charlesdodson55@rambler;true;en;system
822;andrewadderiy80;aswCoeSSXYwfb4Tk849Q;Andrew;Adderiy;andrewadderiy80@mail;false;en;system
823;christopherbacker87;hrgCC9KOcx49q4hedVYn;Christopher;Backer;christopherbacker87@rambler;false;en;system
824;bernarddodson39;zPOXFyBMPoIo1tN4aWUt;Bernard;Dodson;bernarddodson39@yandex;true;en;system
825;adamderrick90;exnVwJJ9prG8LMxb7YWv;Adam;Derrick;adamderrick90@yandex;false;en;system
826;bernarddonaldson69;ZStrLjtUs0NjvOBIemrb;Bernard;Donaldson;bernarddonaldson69@mail;true;en;system
827;adamcampbell78;jH4bFgQ6Oxj7r9QeRloU;Adam;Campbell;adamcampbell78@gmail;false;en;system
828;anthonyadamson48;6KaNyjP6mwilDyTTanRK;Anthony;Adamson;anthonyadamson48@mail;false;en;system
829;abrahamchesterton39;gBdBLnoFf0MYXzbhLYNT;Abraham;Chesterton;abrahamchesterton39@mail;true;en;system
830;andrewadamson6;RS3zineiPjqRQ39HVUgj;Andrew;Adamson;andrewadamson6@gmail;false;en;system
831;antoniochesterton70;L5Z9JtjMpFvhmDRtYhcR;Antonio;Chesterton;antoniochesterton70@rambler;false;en;system
832;bruceanderson46;FsScpmp4E26a77rDlgli;Bruce;Anderson;bruceanderson46@mail;true;en;system
833;danielcampbell14;gvkJYmMySYJnW0cIUpPV;Daniel;Campbell;danielcampbell14@gmail;false;en;system
834;andrewdodson99;tFHbmP6mB7SfxEMgCvxn;Andrew;Dodson;andrewdodson99@gmail;true;en;system
835;aidanchesterton83;GtU5xh0Tn4mcW0l0CpkS;Aidan;Chesterton;aidanchesterton83@mail;false;en;system
836;dennisdonaldson29;nptEfIcjgMyHiYl8Xokp;Dennis;Donaldson;dennisdonaldson29@yandex;false;en;system
837;davidcharlson81;01BVX2pz2ZsASq5WYFbJ;David;Charlson;davidcharlson81@rambler;true;en;system
838;abrahambenson9;SY6NT8g8DIZKfKgE1V4z;Abraham;Benson;abrahambenson9@gmail;false;en;system
839;davidanderson36;NlGulmZ9wnuk2upHGO78;David;Anderson;davidanderson36@gmail;true;en;system
840;carlcalhoun81;0se7DDP2hyowIPj8AlXg;Carl;Calhoun;carlcalhoun81@rambler;false;en;system
841;carlcalhoun78;EibVQJy7CTbAif3uuJdd;Carl;Calhoun;carlcalhoun78@yandex;false;en;system
842;davidbecker69;08fbKDbtSP6D1lmbOQEV;David;Becker;davidbecker69@mail;true;en;system
843;anthonybenson9;hOo3MXXHjvyYuEyNcSY8;Anthony;Benson;anthonybenson9@mail;false;en;system
844;alejandrobacker73;hUE1zVdyBC64tmaa9KsG;Alejandro;Backer;alejandrobacker73@mail;true;en;system
845;albertadderiy45;qGjKCdzH6gG5XQQXIbBi;Albert;Adderiy;albertadderiy45@yandex;true;en;system
846;aidanbecker1;kQcFUFysRoOBxTJFXAjo;Aidan;Becker;aidanbecker1@mail;false;en;system
847;alfredadderiy91;uYxKcylqZ704hdFgz1cq;Alfred;Adderiy;alfredadderiy91@gmail;true;en;system
848;daviddavidson11;WyYAkW7FIYNCJHwYHXNA;David;Davidson;daviddavidson11@rambler;true;en;system
849;charlesaddington88;8H4x9m6UyUSXWJw1vep8;Charles;Addington;charlesaddington88@rambler;false;en;system
850;adamanderson94;oiVSJIKtEiihe3IH5CVf;Adam;Anderson;adamanderson94@mail;true;en;system
851;aarondavidson13;3pAWK3cm5buDxQwOA1xl;Aaron;Davidson;aarondavidson13@yandex;true;en;system
852;alfredcarey56;zlgXDCHRJEbSd5lDAohx;Alfred;Carey;alfredcarey56@yandex;true;en;system
853;charlesadamson40;oG3oZ0dNwXqUqa2okQwz;Charles;Adamson;charlesadamson40@yandex;true;en;system
854;alejandrocharlson9;CsEAcbOZKezdcjfBHufm;Alejandro;Charlson;alejandrocharlson9@gmail;true;en;system
855;brianbacker32;XnEsRcvURwUNPWoSDNV8;Brian;Backer;brianbacker32@mail;true;en;system
856;cameronchesterton24;YFdHef3YKNgN2eivK22h;Cameron;Chesterton;cameronchesterton24@yandex;true;en;system
857;albertdaniels42;a48gYL53vFzh9BO7tu8c;Albert;Daniels;albertdaniels42@gmail;true;en;system
858;bernardaddington61;Cw7yqsmeOV30LyTEVKWv;Bernard;Addington;bernardaddington61@gmail;true;en;system
859;alfredcarey7;hv54Gk8BHpZQyD6JrboK;Alfred;Carey;alfredcarey7@mail;false;en;system
860;colebenson30;ARLYA0rMH4O0NU70Xcr0;Cole;Benson;colebenson30@mail;true;en;system
861;bernardbenson52;sUCEcJdzPXQ0jt32UXOU;Bernard;Benson;bernardbenson52@yandex;true;en;system
862;dennisbarrington59;xgL5jThDxE87mpdXOMpG;Dennis;Barrington;dennisbarrington59@yandex;false;en;system
863;albertbenson73;OGBw6MjAPTSp5hMMtYOK;Albert;Benson;albertbenson73@rambler;true;en;system
864;charlesanderson33;b83aDJ5yx4In2UJI7gRY;Charles;Anderson;charlesanderson33@gmail;true;en;system
865;aarondickinson50;igfWh91dOI5qCJaHdVWi;Aaron;Dickinson;aarondickinson50@mail;true;en;system
866;albertbacker77;oj48cVMMLFAeqTBGCbDE;Albert;Backer;albertbacker77@gmail;true;en;system
867;dennisaddington13;EkNzpvem3BkgGkES7pKq;Dennis;Addington;dennisaddington13@yandex;false;en;system
868;aidancharlson55;KSDfq2TAQshWLsjPq3Gx;Aidan;Charlson;aidancharlson55@yandex;true;en;system
869;brucedonaldson25;xycrtE10gthaEl37jmK3;Bruce;Donaldson;brucedonaldson25@rambler;true;en;system
870;bernardadamson22;2p50i4SqAvGzxRLHqDnW;Bernard;Adamson;bernardadamson22@rambler;true;en;system
871;andrewdonaldson12;gd5GJRaus2CehJwqddQZ;Andrew;Donaldson;andrewdonaldson12@yandex;false;en;system
872;abrahamdaniels97;bcbqSeVfJLquFEFHxvrN;Abraham;Daniels;abrahamdaniels97@rambler;false;en;system
873;andrewbaldwin55;dy9C6CVZ0l05m6FHjgBU;Andrew;Baldwin;andrewbaldwin55@mail;true;en;system
874;carladamson26;IBFglux3pvjN1mKFXL4X;Carl;Adamson;carladamson26@rambler;true;en;system
875;anthonyderrick66;yt3AwXf7R5YwjaynI0Mb;Anthony;Derrick;anthonyderrick66@gmail;false;en;system
876;anthonyadderiy69;Ip3viKv2KNh6sDmxqX4M;Anthony;Adderiy;anthonyadderiy69@mail;true;en;system
877;alanbecker81;JpL7qcTIlBmwrmNiMRCr;Alan;Becker;alanbecker81@gmail;true;en;system
878;colecalhoun14;DXEYLEIFs2iTaiUVqlsR;Cole;Calhoun;colecalhoun14@gmail;true;en;system
879;andrewdonaldson82;o0Kezf5hWQ1ywvDIjSmb;Andrew;Donaldson;andrewdonaldson82@gmail;true;en;system
880;adrianderrick3;nzUgWzTO3GcvQO3Fbjgv;Adrian;Derrick;adrianderrick3@rambler;false;en;system
881;albertadderiy26;3LBcEjlM3aY03zvjQfSX;Albert;Adderiy;albertadderiy26@gmail;false;en;system
882;cameronbecker63;9qUZCPpfCMVQNWCxlfiH;Cameron;Becker;cameronbecker63@gmail;true;en;system
883;colebenson23;eF42bbiBUJHBnp7ey067;Cole;Benson;colebenson23@mail;true;en;system
884;bernarddaniels46;5h4W7jB6Rek2cnQPQGiE;Bernard;Daniels;bernarddaniels46@yandex;false;en;system
885;albertdonaldson16;45ChvBGVHKI2dK563ZoB;Albert;Donaldson;albertdonaldson16@rambler;true;en;system
886;adamanderson95;CtSO86VODutzRQL7lLnB;Adam;Anderson;adamanderson95@yandex;true;en;system
887;ashtonbaldwin1;QJiu5cmLnVzdTpcnbkrD;Ashton;Baldwin;ashtonbaldwin1@gmail;true;en;system
888;albertabramson22;cyn6cKksYyWJN4woLFlx;Albert;Abramson;albertabramson22@rambler;true;en;system
890;christopherbecker86;TI2lW0CctTjWVugZWp1y;Christopher;Becker;christopherbecker86@yandex;false;en;system
891;anthonyanderson65;qNurFGdP7eUBqrMKaSxE;Anthony;Anderson;anthonyanderson65@yandex;false;en;system
892;anthonycalhoun77;j6RfJnzXfrcZaiQUAPvU;Anthony;Calhoun;anthonycalhoun77@rambler;false;en;system
893;adamdickinson56;eL9TSN3n7yC50XMowYpd;Adam;Dickinson;adamdickinson56@gmail;false;en;system
894;charleschesterton15;SG80fQFc1znzP63qgC7I;Charles;Chesterton;charleschesterton15@yandex;true;en;system
896;ashtonbecker40;O0OK4yiC3B0m16zJ5MLW;Ashton;Becker;ashtonbecker40@yandex;false;en;system
897;aidandickinson11;H7i1gwgFKhE4FNbPioJO;Aidan;Dickinson;aidandickinson11@gmail;false;en;system
898;alfredbacker72;li2VuIYgDFeHqf5qTMIH;Alfred;Backer;alfredbacker72@rambler;false;en;system
899;danieldodson48;CNl00AcZjqiA49jbdvTh;Daniel;Dodson;danieldodson48@gmail;true;en;system
900;alfredbaldwin87;0oc24JnzKrHSfYFLNTD0;Alfred;Baldwin;alfredbaldwin87@rambler;true;en;system
901;alanchesterton42;TyYk7NX0EX11tsTgxv7K;Alan;Chesterton;alanchesterton42@yandex;true;en;system
902;adriandaniels87;yt7apkPe6iC9FFs0sBey;Adrian;Daniels;adriandaniels87@yandex;false;en;system
903;anthonydodson75;6ChAXMe8rbeKcqz4A5EP;Anthony;Dodson;anthonydodson75@yandex;false;en;system
904;carlosaddington4;CtZh8SH9fchTuKGwWsWS;Carlos;Addington;carlosaddington4@mail;true;en;system
905;bernarddickinson57;1ly3CJagE5T4EzXs91gg;Bernard;Dickinson;bernarddickinson57@rambler;true;en;system
906;alejandroabramson99;Bb9PKx4UiLoB1M4jeE0L;Alejandro;Abramson;alejandroabramson99@yandex;false;en;system
907;christopherdaniels1;3dOTD8vWL9cNUCS4DpRp;Christopher;Daniels;christopherdaniels1@rambler;true;en;system
908;aidanbarrington7;GdXBmXVT3znlwykqjSmg;Aidan;Barrington;aidanbarrington7@rambler;false;en;system
909;blakebenson78;RyiFgqRosuoXRRi9W4Ky;Blake;Benson;blakebenson78@rambler;false;en;system
910;alejandrobecker27;d0ALOCv4PQRrdlgVOzaF;Alejandro;Becker;alejandrobecker27@rambler;false;en;system
911;davidabramson89;aPc7joucKtEdDkdhulzI;David;Abramson;davidabramson89@mail;true;en;system
912;alanabramson85;DLslwmJUGeT24ORFakYh;Alan;Abramson;alanabramson85@rambler;false;en;system
913;andrewcharlson98;gNOjFd1sYO8zifqQY4qs;Andrew;Charlson;andrewcharlson98@gmail;false;en;system
914;ashtondonaldson64;R6tNIqc6Vf8kaiR55mYK;Ashton;Donaldson;ashtondonaldson64@yandex;false;en;system
915;ashtonbaldwin24;e5NM3r98adEeu41Rlutx;Ashton;Baldwin;ashtonbaldwin24@rambler;true;en;system
916;anthonybaldwin29;dZP0811hiZw2wDOG5kWy;Anthony;Baldwin;anthonybaldwin29@gmail;false;en;system
917;brucebenson87;XF745d6peKVhpAq3d1eW;Bruce;Benson;brucebenson87@yandex;true;en;system
918;ashtonchesterton36;jhFPWpxs0qFxEZqB3j10;Ashton;Chesterton;ashtonchesterton36@gmail;false;en;system
919;christopherderrick66;sowziOppHexDAqOGBQxD;Christopher;Derrick;christopherderrick66@yandex;true;en;system
920;carlcharlson52;PSSD5RszRgOeMjHlwjNj;Carl;Charlson;carlcharlson52@gmail;false;en;system
921;alexdaniels39;pTgLPjvbzx1ir2QS1WwT;Alex;Daniels;alexdaniels39@yandex;true;en;system
922;aidandodson43;W5GAAxi2iwI8nS0XbrH4;Aidan;Dodson;aidandodson43@yandex;false;en;system
923;aidandaniels38;t6ZegawOBb63ZEVBIG9z;Aidan;Daniels;aidandaniels38@mail;false;en;system
924;albertadamson80;CNZwgtJkIf6ijDWKydFZ;Albert;Adamson;albertadamson80@rambler;false;en;system
925;colebarrington28;WgSmJ3kRWdqYtajQgWDZ;Cole;Barrington;colebarrington28@rambler;true;en;system
926;alexdodson51;tfH6eL98gIV5u8DGg4aF;Alex;Dodson;alexdodson51@gmail;true;en;system
927;carloscharlson15;DM1w6DxNXezbTDw6TcK9;Carlos;Charlson;carloscharlson15@mail;false;en;system
928;bryanbacker38;rXoUBhZc9FJlMaNyf0m5;Bryan;Backer;bryanbacker38@yandex;true;en;system
929;charlesdonaldson79;qUkopdNlqUViwCyyAwY6;Charles;Donaldson;charlesdonaldson79@gmail;false;en;system
930;antoniocharlson68;qo6rMoSUs8YNEkv2dr1s;Antonio;Charlson;antoniocharlson68@rambler;true;en;system
931;dennisdaniels13;RHtWjddXwsO3BWGCbwrs;Dennis;Daniels;dennisdaniels13@mail;false;en;system
932;bryanadderiy53;YTPXpCFP0SPBWvS6lk6A;Bryan;Adderiy;bryanadderiy53@gmail;true;en;system
933;alejandroabramson39;Vk6NAMHr0vXijtZC3mPU;Alejandro;Abramson;alejandroabramson39@rambler;false;en;system
934;benjaminbecker9;S4iEqozyxqksPwYgPFep;Benjamin;Becker;benjaminbecker9@yandex;false;en;system
935;antoniobarrington31;l6ReNePgQPnUUqoMR4Fz;Antonio;Barrington;antoniobarrington31@gmail;true;en;system
936;blakebacker20;X5IgJ1gWMYHKp5T7K8R7;Blake;Backer;blakebacker20@yandex;false;en;system
937;brandondodson48;jGyyneiiJhnFE2QdQC1e;Brandon;Dodson;brandondodson48@mail;false;en;system
938;anthonyaddington90;x2qoJ2rCTPm4638cG6S9;Anthony;Addington;anthonyaddington90@gmail;false;en;system
939;adriancampbell74;YZF81vgugPgzAfz0zUd6;Adrian;Campbell;adriancampbell74@yandex;true;en;system
940;aaroncalhoun81;1QCffx9gvfAeWtMTcmkN;Aaron;Calhoun;aaroncalhoun81@gmail;false;en;system
941;brucechesterton38;AoWGmPIGi5Dg6Hf3sIjq;Bruce;Chesterton;brucechesterton38@yandex;true;en;system
942;carlchesterton53;PgL1ANCIxpaMGWHoebOq;Carl;Chesterton;carlchesterton53@gmail;true;en;system
943;alandavidson42;QQOqTekch4u8RgzDKsCo;Alan;Davidson;alandavidson42@yandex;true;en;system
944;adriananderson48;8tdeqf3fuqINh7imQGs2;Adrian;Anderson;adriananderson48@mail;false;en;system
945;charlesdodson40;fOcWrCPbrl3xwVmc8dkn;Charles;Dodson;charlesdodson40@gmail;false;en;system
946;brucebaldwin25;q4XEBG8tb5rvDbWTCsXc;Bruce;Baldwin;brucebaldwin25@rambler;true;en;system
947;abrahamdavidson89;IZHdBjhiAYZ74R2R0XJ2;Abraham;Davidson;abrahamdavidson89@rambler;true;en;system
948;alexadamson43;AXZ5ZssI8d7ZXHNCzM7m;Alex;Adamson;alexadamson43@gmail;true;en;system
949;benjaminbaldwin40;C2YWKHK7alkPeyhdU0iC;Benjamin;Baldwin;benjaminbaldwin40@gmail;true;en;system
950;alejandrobecker83;twkWCN8tpBNxb6u71vZJ;Alejandro;Becker;alejandrobecker83@mail;true;en;system
951;alfredbacker87;zdYFLx9xNGzF9JJyudTu;Alfred;Backer;alfredbacker87@gmail;false;en;system
952;brandondaniels55;eLoEUReLGlMvDUwInnt3;Brandon;Daniels;brandondaniels55@yandex;false;en;system
953;christopheraddington73;9lUP43D8FE2YlzyvpQu6;Christopher;Addington;christopheraddington73@yandex;false;en;system
954;alandodson9;czrcIENw8fEJ95YvcQ1W;Alan;Dodson;alandodson9@mail;true;en;system
955;abrahamcampbell89;4jlaXOhBX5FhfDYgU30l;Abraham;Campbell;abrahamcampbell89@rambler;false;en;system
956;bryandickinson96;x00SBuWZBKnrBwqT9QfN;Bryan;Dickinson;bryandickinson96@rambler;true;en;system
957;blakebenson40;jamH8FPv7613NAHeLkoy;Blake;Benson;blakebenson40@gmail;true;en;system
958;coleaddington49;rybNNLcNlCHwRasOYKHy;Cole;Addington;coleaddington49@gmail;false;en;system
959;adriandodson22;RjqeQlNrLtE1GmZ838hl;Adrian;Dodson;adriandodson22@mail;true;en;system
960;christopherdickinson63;uYs4mnfRDqyxX46WHsvF;Christopher;Dickinson;christopherdickinson63@rambler;false;en;system
961;anthonydickinson52;hyrDBKj5BwsIb3BPZawg;Anthony;Dickinson;anthonydickinson52@rambler;true;en;system
962;benjamincalhoun42;3a1NULKFFxxVXvPbCjLu;Benjamin;Calhoun;benjamincalhoun42@rambler;false;en;system
963;carlabramson95;3vk3VXjOG2aXfUCtwC2q;Carl;Abramson;carlabramson95@mail;true;en;system
964;bryancharlson12;74oiJpYXOoQCMVjqGkxE;Bryan;Charlson;bryancharlson12@gmail;true;en;system
965;adambarrington22;FDffL9qOBh88QqxsgzDz;Adam;Barrington;adambarrington22@yandex;true;en;system
966;blakeadderiy38;WCEvrPEfYln1mQOvoMac;Blake;Adderiy;blakeadderiy38@yandex;true;en;system
967;aidanaddington33;k5R8vysczrw1mKAuQxCA;Aidan;Addington;aidanaddington33@rambler;true;en;system
968;andrewcalhoun64;liIxAbWuYKT9neDUGQIY;Andrew;Calhoun;andrewcalhoun64@gmail;false;en;system
969;alejandrocarey9;vTI8Kdmm1nCCuXyOQav2;Alejandro;Carey;alejandrocarey9@yandex;true;en;system
970;carlbenson55;fLUHBSWhyH24GXykjd2r;Carl;Benson;carlbenson55@mail;false;en;system
971;anthonyaddington98;2mnVLJLbdiPVILaWBfqH;Anthony;Addington;anthonyaddington98@rambler;true;en;system
972;carlosaddington45;IoX45o7povHlrAFVqONd;Carlos;Addington;carlosaddington45@gmail;false;en;system
973;carlosabramson94;oNzXCnOLE9Y80eFSnGe6;Carlos;Abramson;carlosabramson94@yandex;false;en;system
974;blakebaldwin57;qJD1pDgRbJK0OXkJVdz2;Blake;Baldwin;blakebaldwin57@mail;false;en;system
975;daviddavidson38;YUhbeyPM4F1oAJxyPzy3;David;Davidson;daviddavidson38@mail;false;en;system
976;aidanchesterton12;wa0XS1QAklRNvPexcf4x;Aidan;Chesterton;aidanchesterton12@rambler;true;en;system
977;bryanabramson68;mQ4ZmiMUdqwqGeRt6IrO;Bryan;Abramson;bryanabramson68@rambler;true;en;system
978;bernardbacker81;aO9YrzQa3HQy3sAbBVRX;Bernard;Backer;bernardbacker81@yandex;true;en;system
979;brandoncharlson29;pRF7vODkskh18MqC0UT7;Brandon;Charlson;brandoncharlson29@gmail;true;en;system
980;camerondonaldson25;C0yaWM0gfCjRDcwULRCd;Cameron;Donaldson;camerondonaldson25@mail;false;en;system
981;ashtondickinson88;jm5RBDGUhtXOkcdDkACl;Ashton;Dickinson;ashtondickinson88@mail;true;en;system
982;adamcampbell44;3ovs4k2dLp7Qg5qWClin;Adam;Campbell;adamcampbell44@yandex;true;en;system
983;bruceabramson63;BScCfdnvh5zqLLhI4DOH;Bruce;Abramson;bruceabramson63@rambler;false;en;system
984;brucebenson21;FAONAaoWAymG99lKznCr;Bruce;Benson;brucebenson21@gmail;true;en;system
985;alexcalhoun5;r5D16kjSNIAgthHWjZra;Alex;Calhoun;alexcalhoun5@rambler;true;en;system
986;cameroncalhoun47;QpIZCSN6qg6CkFddttno;Cameron;Calhoun;cameroncalhoun47@rambler;true;en;system
987;blakebarrington99;9Gvd3Y87eHJQomTuMLoD;Blake;Barrington;blakebarrington99@gmail;false;en;system
988;charlesbaldwin21;RPVd66Al2C8Pe9i2j5dX;Charles;Baldwin;charlesbaldwin21@gmail;false;en;system
989;christopherbenson3;vv4pSXDrcqpaHuvqSECi;Christopher;Benson;christopherbenson3@yandex;false;en;system
990;albertbecker75;7eQQ2DnWpqU8IhJZk0sO;Albert;Becker;albertbecker75@gmail;true;en;system
991;danielbenson89;cuhIFCkQujCl2uupXGvj;Daniel;Benson;danielbenson89@rambler;false;en;system
992;aarondickinson39;FwTRbK7wwaCQmAQ5uixw;Aaron;Dickinson;aarondickinson39@mail;false;en;system
993;aarondaniels13;h5wpkBE77CPfJ2uaYs3e;Aaron;Daniels;aarondaniels13@mail;true;en;system
994;abrahamadderiy41;xPyf7BzdtcCMBTGK9XxJ;Abraham;Adderiy;abrahamadderiy41@mail;true;en;system
995;alfredbarrington30;OmVLvRG1HElGUuWnzf9x;Alfred;Barrington;alfredbarrington30@mail;true;en;system
996;abrahamchesterton38;bU3ccl7jXu2unLGRUZYb;Abraham;Chesterton;abrahamchesterton38@yandex;true;en;system
997;alfreddickinson96;mIgMzyqVil1Wdq7VoXy5;Alfred;Dickinson;alfreddickinson96@rambler;false;en;system
998;alfredadderiy59;RbZ0mxsb8um3GhMABR47;Alfred;Adderiy;alfredadderiy59@mail;true;en;system
999;christopherbarrington30;2RgGJoLq8BHWHDSVuy2a;Christopher;Barrington;christopherbarrington30@mail;false;en;system
